id,ra,dec,gratings
aegis-2017000479,215.196486,53.033087,f170lp-g235h f290lp-g395h clear-prism
aegis-2017000560,215.184918,53.028479,f170lp-g235h f290lp-g395h clear-prism
aegis-2017000598,215.199415,53.039874,f170lp-g235h f290lp-g395h clear-prism
aegis-2017000687,215.185707,53.032145,f170lp-g235h f290lp-g395h clear-prism
aegis-2017000760,215.183698,53.033462,f170lp-g235h f290lp-g395h clear-prism
aegis-2017000795,215.203989,53.04786,f170lp-g235h f290lp-g395h clear-prism
aegis-2017000817,215.188285,53.037574,f170lp-g235h f290lp-g395h clear-prism
aegis-2017000840,215.185741,53.037125,f170lp-g235h f290lp-g395h clear-prism
aegis-2017000853,215.194704,53.044002,f170lp-g235h f290lp-g395h clear-prism
aegis-2017000883,215.185625,53.036364,f170lp-g235h f290lp-g395h clear-prism
aegis-2017000932,215.17507,53.031496,f170lp-g235h f290lp-g395h clear-prism
aegis-2017000971,215.197714,53.046564,f170lp-g235h f290lp-g395h clear-prism
aegis-2017001162,215.166,53.031403,f170lp-g235h f290lp-g395h clear-prism
aegis-2017001248,215.213474,53.067963,f170lp-g235h f290lp-g395h clear-prism
aegis-2017001266,215.17635,53.04239,f170lp-g235h f290lp-g395h clear-prism
aegis-2017001277,215.16387,53.032792,f170lp-g235h f290lp-g395h clear-prism
aegis-2017001286,215.179447,53.045226,f170lp-g235h f290lp-g395h clear-prism
aegis-2017001325,215.167995,53.037894,f170lp-g235h f290lp-g395h clear-prism
aegis-2017001355,215.16713,53.038612,f170lp-g235h f290lp-g395h clear-prism
aegis-2017001371,215.182515,53.049929,f170lp-g235h f290lp-g395h clear-prism
aegis-2017001373,215.217095,53.07433,f170lp-g235h f290lp-g395h clear-prism
aegis-2017001397,215.202359,53.064577,f170lp-g235h f290lp-g395h clear-prism
aegis-2017001403,215.199043,53.06156,f170lp-g235h f290lp-g395h clear-prism
aegis-2017001431,215.217016,53.074942,f170lp-g235h f290lp-g395h clear-prism
aegis-2017001508,215.162324,53.038063,f170lp-g235h f290lp-g395h clear-prism
aegis-2017001509,215.219086,53.076464,f170lp-g235h f290lp-g395h clear-prism
aegis-2017001510,215.165553,53.041281,f170lp-g235h f290lp-g395h clear-prism
aegis-2017001557,215.163287,53.040794,f170lp-g235h f290lp-g395h clear-prism
aegis-2017001572,215.170903,53.045454,f170lp-g235h f290lp-g395h clear-prism
aegis-2017001611,215.175579,53.050398,f170lp-g235h f290lp-g395h clear-prism
aegis-2017001646,215.197954,53.066851,f170lp-g235h f290lp-g395h clear-prism
aegis-2017001662,215.164009,53.04392,f170lp-g235h f290lp-g395h clear-prism
aegis-2017001732,215.171343,53.050381,f170lp-g235h f290lp-g395h clear-prism
aegis-2017001767,215.201875,53.072554,f170lp-g235h f290lp-g395h clear-prism
aegis-2017001794,215.169036,53.049578,f170lp-g235h f290lp-g395h clear-prism
aegis-2017001892,215.170379,53.053902,f170lp-g235h f290lp-g395h clear-prism
aegis-2017001931,215.186883,53.06652,f170lp-g235h f290lp-g395h clear-prism
aegis-2017002023,215.183182,53.065881,f170lp-g235h f290lp-g395h clear-prism
aegis-2017002091,215.18968,53.070888,f170lp-g235h f290lp-g395h clear-prism
aegis-2017002126,215.201992,53.081093,f170lp-g235h f290lp-g395h clear-prism
aegis-2017002234,215.187808,53.074017,f170lp-g235h f290lp-g395h clear-prism
aegis-2017002252,215.193532,53.078487,f170lp-g235h f290lp-g395h clear-prism
aegis-2017002327,215.177997,53.069277,f170lp-g235h f290lp-g395h clear-prism
aegis-2017002353,215.180597,53.071915,f170lp-g235h f290lp-g395h clear-prism
aegis-2017002425,215.18326,53.073538,f170lp-g235h f290lp-g395h clear-prism
aegis-2017002427,215.176808,53.070946,f170lp-g235h f290lp-g395h clear-prism
aegis-2017002430,215.188043,53.076852,f170lp-g235h f290lp-g395h clear-prism
aegis-2017002448,215.181183,53.07452,f170lp-g235h f290lp-g395h clear-prism
aegis-2017002457,215.175245,53.070377,f170lp-g235h f290lp-g395h clear-prism
aegis-2017002509,215.130108,53.038751,f170lp-g235h f290lp-g395h clear-prism
aegis-2017002584,215.180878,53.077435,f170lp-g235h f290lp-g395h clear-prism
aegis-2017002618,215.172802,53.072372,f170lp-g235h f290lp-g395h clear-prism
aegis-2017002660,215.186302,53.081253,f170lp-g235h f290lp-g395h clear-prism
aegis-2017002674,215.129751,53.04238,f170lp-g235h f290lp-g395h clear-prism
aegis-2017002690,215.183944,53.081114,f170lp-g235h f290lp-g395h clear-prism
aegis-2017002706,215.130467,53.04326,f170lp-g235h f290lp-g395h clear-prism
aegis-2017002750,215.179929,53.079052,f170lp-g235h f290lp-g395h clear-prism
aegis-2017002771,215.129544,53.044762,f170lp-g235h f290lp-g395h clear-prism
aegis-2017002819,215.184796,53.085118,f170lp-g235h f290lp-g395h clear-prism
aegis-2017002871,215.119969,53.039953,f170lp-g235h f290lp-g395h clear-prism
aegis-2017002894,215.127396,53.046771,f170lp-g235h f290lp-g395h clear-prism
aegis-2017002974,215.126746,53.048365,f170lp-g235h f290lp-g395h clear-prism
aegis-2017003005,215.11919,53.042788,f170lp-g235h f290lp-g395h clear-prism
aegis-2017003055,215.134786,53.055916,f170lp-g235h f290lp-g395h clear-prism
aegis-2017003129,215.124883,53.050498,f170lp-g235h f290lp-g395h clear-prism
aegis-2017003141,215.133624,53.057663,f170lp-g235h f290lp-g395h clear-prism
aegis-2017003184,215.117664,53.046397,f170lp-g235h f290lp-g395h clear-prism
aegis-2017003234,215.127348,53.056219,f170lp-g235h f290lp-g395h clear-prism
aegis-2017003248,215.111619,53.045007,f170lp-g235h f290lp-g395h clear-prism
aegis-2017003304,215.129674,53.059852,f170lp-g235h f290lp-g395h clear-prism
aegis-2017003354,215.12899,53.060584,f170lp-g235h f290lp-g395h clear-prism
aegis-2017003421,215.102888,53.044316,f170lp-g235h f290lp-g395h clear-prism
aegis-2017003456,215.108281,53.049239,f170lp-g235h f290lp-g395h clear-prism
aegis-2017003494,215.139172,53.072569,f170lp-g235h f290lp-g395h clear-prism
aegis-2017003752,215.137026,53.079987,f170lp-g235h f290lp-g395h clear-prism
aegis-2017003821,215.135147,53.077081,f170lp-g235h f290lp-g395h clear-prism
aegis-2017003837,215.131378,53.078577,f170lp-g235h f290lp-g395h clear-prism
aegis-2017003839,215.136444,53.082194,f170lp-g235h f290lp-g395h clear-prism
aegis-2017003845,215.128552,53.076922,f170lp-g235h f290lp-g395h
aegis-2017003892,215.141425,53.08796,f170lp-g235h f290lp-g395h clear-prism
aegis-2017003921,215.141269,53.088813,f170lp-g235h f290lp-g395h clear-prism
aegis-2017003938,215.134769,53.085067,f170lp-g235h f290lp-g395h clear-prism
aegis-2017004017,215.13103,53.084663,f170lp-g235h f290lp-g395h clear-prism
aegis-2017004022,215.13243,53.086561,f170lp-g235h f290lp-g395h clear-prism
aegis-2017004056,215.117655,53.076636,f170lp-g235h f290lp-g395h clear-prism
aegis-2017004175,215.126072,53.08714,f170lp-g235h f290lp-g395h clear-prism
aegis-2017004179,215.122214,53.083411,f170lp-g235h f290lp-g395h clear-prism
aegis-2017004362,215.122673,53.089975,f170lp-g235h f290lp-g395h clear-prism
aegis-2017004369,215.132927,53.096295,f170lp-g235h f290lp-g395h clear-prism
aegis-2017004404,215.13043,53.0937,f170lp-g235h f290lp-g395h clear-prism
aegis-2017004681,215.190411,53.030027,f170lp-g235h f290lp-g395h clear-prism
aegis-2017004806,215.18789,53.040889,f170lp-g235h f290lp-g395h clear-prism
aegis-2017004859,215.208047,53.05911,f170lp-g235h f290lp-g395h clear-prism
aegis-2017004909,215.20401,53.061977,f170lp-g235h f290lp-g395h clear-prism
aegis-2017004944,215.161138,53.03504,f170lp-g235h f290lp-g395h
aegis-2017004946,215.205797,53.066546,f170lp-g235h f290lp-g395h clear-prism
aegis-2017004968,215.172018,53.044636,f170lp-g235h f290lp-g395h clear-prism
aegis-2017004975,215.161208,53.037513,f170lp-g235h f290lp-g395h clear-prism
aegis-2017004993,215.173306,53.047562,f170lp-g235h f290lp-g395h clear-prism
aegis-2017004999,215.164887,53.041964,f170lp-g235h f290lp-g395h clear-prism
aegis-2017005047,215.191894,53.065017,f170lp-g235h f290lp-g395h clear-prism
aegis-2017005135,215.206528,53.082245,f170lp-g235h f290lp-g395h clear-prism
aegis-2017005173,215.189391,53.07425,f170lp-g235h f290lp-g395h clear-prism
aegis-2017005194,215.173556,53.065204,f170lp-g235h f290lp-g395h clear-prism
aegis-2017005250,215.130473,53.03949,f170lp-g235h f290lp-g395h clear-prism
aegis-2017005261,215.190054,53.081942,f170lp-g235h f290lp-g395h clear-prism
aegis-2017005315,215.177159,53.077511,f170lp-g235h f290lp-g395h clear-prism
aegis-2017005393,215.178519,53.085572,f170lp-g235h f290lp-g395h clear-prism
aegis-2017005519,215.116785,53.056322,f170lp-g235h f290lp-g395h clear-prism
aegis-2017005560,215.110136,53.056734,f170lp-g235h f290lp-g395h clear-prism
aegis-2017005565,215.108424,53.056249,f170lp-g235h f290lp-g395h clear-prism
aegis-2017005605,215.134426,53.079008,f170lp-g235h f290lp-g395h clear-prism
aegis-2017005620,215.12846,53.075863,f170lp-g235h f290lp-g395h clear-prism
aegis-2017005637,215.139672,53.08581,f170lp-g235h f290lp-g395h clear-prism
aegis-2017005709,215.132242,53.089124,f170lp-g235h f290lp-g395h clear-prism
aegis-2017005743,215.135627,53.095259,f170lp-g235h f290lp-g395h clear-prism
aegis-2017005766,215.127159,53.092581,f170lp-g235h f290lp-g395h clear-prism
aegis-2017005963,215.200008,53.040601,f170lp-g235h f290lp-g395h clear-prism
aegis-2017006007,215.183701,53.034363,f170lp-g235h f290lp-g395h clear-prism
aegis-2017006046,215.193005,53.045425,f170lp-g235h f290lp-g395h clear-prism
aegis-2017006097,215.169329,53.034104,f170lp-g235h f290lp-g395h clear-prism
aegis-2017006211,215.160324,53.036793,f170lp-g235h f290lp-g395h clear-prism
aegis-2017006241,215.202511,53.067833,f170lp-g235h f290lp-g395h clear-prism
aegis-2017006677,215.130442,53.050565,f170lp-g235h f290lp-g395h clear-prism
aegis-2017006681,215.182577,53.086434,f170lp-g235h f290lp-g395h clear-prism
aegis-2017006812,215.114777,53.04961,f170lp-g235h f290lp-g395h clear-prism
aegis-2017006936,215.109146,53.055557,f170lp-g235h f290lp-g395h clear-prism
aegis-2017007560,215.181885,53.079644,f170lp-g235h f290lp-g395h clear-prism
aegis-2017007694,215.188874,53.027036,f170lp-g235h f290lp-g395h clear-prism
aegis-2017007757,215.19397,53.045854,f170lp-g235h f290lp-g395h clear-prism
aegis-2017007954,215.216431,53.073358,f170lp-g235h f290lp-g395h clear-prism
aegis-2017008260,215.116272,53.063497,f170lp-g235h f290lp-g395h clear-prism
aegis-2017008276,215.118332,53.060983,f170lp-g235h f290lp-g395h clear-prism
aegis-2017008299,215.128861,53.05515,f170lp-g235h f290lp-g395h clear-prism
aegis-2017008352,215.111908,53.059785,f170lp-g235h f290lp-g395h clear-prism
aegis-2017008368,215.109726,53.060781,f170lp-g235h f290lp-g395h clear-prism
aegis-2017008473,215.112137,53.05156,f170lp-g235h f290lp-g395h clear-prism
aegis-2017008587,215.12732,53.073472,f170lp-g235h f290lp-g395h clear-prism
aegis-2017008949,215.19788,53.0424,f170lp-g235h f290lp-g395h clear-prism
aegis-2017008950,215.138647,53.089878,f170lp-g235h f290lp-g395h clear-prism
aegis-2018000601,215.116344,52.955651,f170lp-g235h f290lp-g395h clear-prism
aegis-2018000680,215.108941,52.953701,f170lp-g235h f290lp-g395h clear-prism
aegis-2018000729,215.112458,52.95862,f170lp-g235h f290lp-g395h clear-prism
aegis-2018000800,215.120664,52.963351,f170lp-g235h f290lp-g395h clear-prism
aegis-2018000828,215.109566,52.959934,f170lp-g235h f290lp-g395h clear-prism
aegis-2018000856,215.116845,52.965719,f170lp-g235h f290lp-g395h clear-prism
aegis-2018000868,215.118883,52.967332,f170lp-g235h f290lp-g395h clear-prism
aegis-2018000975,215.10768,52.962495,f170lp-g235h f290lp-g395h clear-prism
aegis-2018000982,215.113284,52.967289,f170lp-g235h f290lp-g395h clear-prism
aegis-2018000983,215.105941,52.961501,f170lp-g235h f290lp-g395h clear-prism
aegis-2018000992,215.121984,52.972968,f170lp-g235h f290lp-g395h clear-prism
aegis-2018001021,215.106585,52.963401,f170lp-g235h f290lp-g395h clear-prism
aegis-2018001025,215.11487,52.968704,f170lp-g235h f290lp-g395h clear-prism
aegis-2018001077,215.116762,52.972493,f170lp-g235h f290lp-g395h clear-prism
aegis-2018001134,215.095653,52.959289,f170lp-g235h f290lp-g395h clear-prism
aegis-2018001187,215.115838,52.975701,f170lp-g235h f290lp-g395h clear-prism
aegis-2018001225,215.092284,52.957711,f170lp-g235h f290lp-g395h clear-prism
aegis-2018001228,215.092915,52.960688,f170lp-g235h f290lp-g395h clear-prism
aegis-2018001274,215.108664,52.973279,f170lp-g235h f290lp-g395h clear-prism
aegis-2018001283,215.091642,52.958705,f170lp-g235h f290lp-g395h clear-prism
aegis-2018001284,215.132075,52.989392,f170lp-g235h f290lp-g395h clear-prism
aegis-2018001286,215.10025,52.967273,f170lp-g235h f290lp-g395h clear-prism
aegis-2018001309,215.128585,52.987973,f170lp-g235h f290lp-g395h clear-prism
aegis-2018001327,215.086038,52.958168,f170lp-g235h f290lp-g395h clear-prism
aegis-2018001399,215.12707,52.989636,f170lp-g235h f290lp-g395h clear-prism
aegis-2018001489,215.130627,52.99292,f170lp-g235h f290lp-g395h clear-prism
aegis-2018001540,215.121738,52.988367,f170lp-g235h f290lp-g395h clear-prism
aegis-2018001591,215.139535,53.002744,f170lp-g235h f290lp-g395h clear-prism
aegis-2018001592,215.131406,52.995739,f170lp-g235h f290lp-g395h clear-prism
aegis-2018001623,215.141227,53.004415,f170lp-g235h f290lp-g395h clear-prism
aegis-2018001651,215.138631,53.001039,f170lp-g235h f290lp-g395h clear-prism
aegis-2018001677,215.098021,52.97445,f170lp-g235h f290lp-g395h clear-prism
aegis-2018001708,215.093446,52.972581,f170lp-g235h f290lp-g395h clear-prism
aegis-2018001765,215.08833,52.970492,f170lp-g235h f290lp-g395h clear-prism
aegis-2018001770,215.121514,52.993859,f170lp-g235h f290lp-g395h clear-prism
aegis-2018001829,215.091245,52.973637,f170lp-g235h f290lp-g395h clear-prism
aegis-2018001855,215.111482,52.988319,f170lp-g235h f290lp-g395h clear-prism
aegis-2018001899,215.09014,52.974612,f170lp-g235h f290lp-g395h clear-prism
aegis-2018001972,215.115387,52.993808,f170lp-g235h f290lp-g395h clear-prism
aegis-2018002014,215.120992,52.999213,f170lp-g235h f290lp-g395h clear-prism
aegis-2018002047,215.119016,52.997298,f170lp-g235h f290lp-g395h clear-prism
aegis-2018002253,215.103929,52.992934,f170lp-g235h f290lp-g395h clear-prism
aegis-2018002522,215.109555,53.004259,f170lp-g235h f290lp-g395h clear-prism
aegis-2018002541,215.104336,53.000742,f170lp-g235h f290lp-g395h clear-prism
aegis-2018002600,215.054865,52.968114,f170lp-g235h f290lp-g395h clear-prism
aegis-2018002614,215.11109,53.008192,f170lp-g235h f290lp-g395h clear-prism
aegis-2018002687,215.095033,52.998827,f170lp-g235h f290lp-g395h clear-prism
aegis-2018002737,215.053239,52.970722,f170lp-g235h f290lp-g395h clear-prism
aegis-2018002743,215.095401,53.000099,f170lp-g235h f290lp-g395h clear-prism
aegis-2018002754,215.095684,52.999375,f170lp-g235h f290lp-g395h clear-prism
aegis-2018002798,215.056735,52.974036,f170lp-g235h f290lp-g395h clear-prism
aegis-2018002816,215.052536,52.972271,f170lp-g235h f290lp-g395h clear-prism
aegis-2018002841,215.105576,53.010224,f170lp-g235h f290lp-g395h clear-prism
aegis-2018002859,215.096399,53.001692,f170lp-g235h f290lp-g395h clear-prism
aegis-2018002896,215.099201,53.006843,f170lp-g235h f290lp-g395h clear-prism
aegis-2018002939,215.098386,53.005835,f170lp-g235h f290lp-g395h clear-prism
aegis-2018003059,215.03957,52.968024,f170lp-g235h f290lp-g395h clear-prism
aegis-2018003098,215.042954,52.971233,f170lp-g235h f290lp-g395h clear-prism
aegis-2018003115,215.057822,52.981947,f170lp-g235h f290lp-g395h clear-prism
aegis-2018003171,215.04533,52.974582,f170lp-g235h f290lp-g395h clear-prism
aegis-2018003236,215.047572,52.977377,f170lp-g235h f290lp-g395h clear-prism
aegis-2018003316,215.043738,52.977226,f170lp-g235h f290lp-g395h clear-prism
aegis-2018003382,215.028825,52.968576,f170lp-g235h f290lp-g395h clear-prism
aegis-2018003429,215.028097,52.969435,f170lp-g235h f290lp-g395h clear-prism
aegis-2018003491,215.031805,52.97122,f170lp-g235h f290lp-g395h clear-prism
aegis-2018003551,215.035335,52.977192,f170lp-g235h f290lp-g395h clear-prism
aegis-2018003587,215.04082,52.982174,f170lp-g235h f290lp-g395h clear-prism
aegis-2018003597,215.031273,52.974984,f170lp-g235h f290lp-g395h clear-prism
aegis-2018003618,215.025064,52.971972,f170lp-g235h f290lp-g395h clear-prism
aegis-2018003626,215.037046,52.980655,f170lp-g235h f290lp-g395h clear-prism
aegis-2018003650,215.028311,52.97496,f170lp-g235h f290lp-g395h clear-prism
aegis-2018003794,215.037642,52.984805,f170lp-g235h f290lp-g395h clear-prism
aegis-2018003809,215.063518,53.003792,f170lp-g235h f290lp-g395h clear-prism
aegis-2018003822,215.062031,53.002008,f170lp-g235h f290lp-g395h clear-prism
aegis-2018003832,215.041078,52.988903,f170lp-g235h f290lp-g395h clear-prism
aegis-2018003848,215.034109,52.984404,f170lp-g235h f290lp-g395h clear-prism
aegis-2018003875,215.031036,52.9825,f170lp-g235h f290lp-g395h clear-prism
aegis-2018003935,215.055854,53.001089,f170lp-g235h f290lp-g395h clear-prism
aegis-2018003945,215.034627,52.98735,f170lp-g235h f290lp-g395h clear-prism
aegis-2018004053,215.056006,53.004529,f170lp-g235h f290lp-g395h clear-prism
aegis-2018004077,215.067157,53.013026,f170lp-g235h f290lp-g395h clear-prism
aegis-2018004103,215.047611,53.00048,f170lp-g235h f290lp-g395h clear-prism
aegis-2018004144,215.066505,53.01501,f170lp-g235h f290lp-g395h clear-prism
aegis-2018004185,215.063103,53.013234,f170lp-g235h f290lp-g395h clear-prism
aegis-2018004263,215.063759,53.011337,f170lp-g235h f290lp-g395h clear-prism
aegis-2018004267,215.05033,53.00747,f170lp-g235h f290lp-g395h clear-prism
aegis-2018004291,215.063483,53.017306,f170lp-g235h f290lp-g395h clear-prism
aegis-2018004323,215.067728,53.020192,f170lp-g235h f290lp-g395h clear-prism
aegis-2018004326,215.041266,53.000996,f170lp-g235h f290lp-g395h clear-prism
aegis-2018004346,215.057901,53.015702,f170lp-g235h f290lp-g395h clear-prism
aegis-2018004358,215.039079,53.002773,f170lp-g235h f290lp-g395h clear-prism
aegis-2018004360,215.056554,53.01351,f170lp-g235h f290lp-g395h clear-prism
aegis-2018004466,215.042061,53.007971,f170lp-g235h f290lp-g395h clear-prism
aegis-2018004521,215.045873,53.013854,f170lp-g235h f290lp-g395h clear-prism
aegis-2018004536,215.042687,53.011481,f170lp-g235h f290lp-g395h clear-prism
aegis-2018005019,215.108412,52.956271,f170lp-g235h f290lp-g395h clear-prism
aegis-2018005281,215.083321,52.963754,f170lp-g235h f290lp-g395h clear-prism
aegis-2018005300,215.092612,52.971992,f170lp-g235h f290lp-g395h clear-prism
aegis-2018005303,215.095354,52.974219,f170lp-g235h f290lp-g395h clear-prism
aegis-2018005355,215.117561,52.994046,f170lp-g235h f290lp-g395h clear-prism
aegis-2018005401,215.12278,53.000992,f170lp-g235h f290lp-g395h clear-prism
aegis-2018005443,215.114593,52.99968,f170lp-g235h f290lp-g395h clear-prism
aegis-2018005482,215.118065,53.005354,f170lp-g235h f290lp-g395h clear-prism
aegis-2018005516,215.121211,53.009457,f170lp-g235h f290lp-g395h clear-prism
aegis-2018005533,215.119259,53.009191,f170lp-g235h f290lp-g395h clear-prism
aegis-2018005592,215.050758,52.965269,f170lp-g235h f290lp-g395h clear-prism
aegis-2018005605,215.112053,53.009783,f170lp-g235h f290lp-g395h clear-prism
aegis-2018005610,215.050764,52.967049,f170lp-g235h f290lp-g395h clear-prism
aegis-2018005777,215.044227,52.978723,f170lp-g235h f290lp-g395h clear-prism
aegis-2018005811,215.050565,52.986211,f170lp-g235h f290lp-g395h clear-prism
aegis-2018005873,215.061111,52.998996,f170lp-g235h f290lp-g395h clear-prism
aegis-2018005881,215.028917,52.976935,f170lp-g235h f290lp-g395h clear-prism
aegis-2018005922,215.065045,53.005949,f170lp-g235h f290lp-g395h clear-prism
aegis-2018005980,215.053851,53.004372,f170lp-g235h f290lp-g395h clear-prism
aegis-2018006055,215.041658,53.00424,f170lp-g235h f290lp-g395h clear-prism
aegis-2018006106,215.044065,53.012021,f170lp-g235h f290lp-g395h clear-prism
aegis-2018006588,215.125397,52.986862,f170lp-g235h f290lp-g395h clear-prism
aegis-2018006747,215.094965,52.977711,f170lp-g235h f290lp-g395h clear-prism
aegis-2018006862,215.108512,52.994404,f170lp-g235h f290lp-g395h clear-prism
aegis-2018006899,215.109911,52.998224,f170lp-g235h f290lp-g395h clear-prism
aegis-2018006971,215.096112,52.995693,f170lp-g235h f290lp-g395h clear-prism
aegis-2018007017,215.111584,53.011964,f170lp-g235h f290lp-g395h clear-prism
aegis-2018007552,215.059509,53.018704,f170lp-g235h f290lp-g395h clear-prism
aegis-2018007593,215.044574,53.012673,f170lp-g235h f290lp-g395h clear-prism
aegis-2018007695,215.11675,53.00489,f170lp-g235h f290lp-g395h clear-prism
aegis-2018007732,215.100312,52.977304,f170lp-g235h f290lp-g395h clear-prism
aegis-2018007939,215.058213,52.980332,f170lp-g235h f290lp-g395h clear-prism
aegis-2018008077,215.044922,52.986207,f170lp-g235h f290lp-g395h clear-prism
aegis-2018008173,215.067688,53.015458,f170lp-g235h f290lp-g395h clear-prism
aegis-2018008231,215.095276,52.993726,f170lp-g235h f290lp-g395h clear-prism
aegis-2018008304,215.093827,52.966413,f170lp-g235h f290lp-g395h clear-prism
aegis-2018008365,215.118119,52.973107,f170lp-g235h f290lp-g395h clear-prism
aegis-2018008409,215.084809,52.964898,f170lp-g235h f290lp-g395h clear-prism
aegis-2018008480,215.050629,52.979718,f170lp-g235h f290lp-g395h clear-prism
aegis-2018008572,215.119843,52.962125,f170lp-g235h f290lp-g395h clear-prism
aegis-2018009047,215.089346,52.977837,f170lp-g235h f290lp-g395h clear-prism
aegis-2018009063,215.09468,52.998226,f170lp-g235h f290lp-g395h clear-prism
aegis-2018009065,215.100281,53.004532,f170lp-g235h f290lp-g395h clear-prism
aegis-2019001016,215.011129,52.901183,f170lp-g235h f290lp-g395h clear-prism
aegis-2019001078,215.012869,52.901438,f170lp-g235h f290lp-g395h clear-prism
aegis-2019001086,215.005992,52.899311,f170lp-g235h f290lp-g395h clear-prism
aegis-2019001100,215.012165,52.904488,f170lp-g235h f290lp-g395h clear-prism
aegis-2019001121,215.011775,52.905211,f170lp-g235h f290lp-g395h clear-prism
aegis-2019001129,215.016117,52.907893,f170lp-g235h f290lp-g395h clear-prism
aegis-2019001139,215.018269,52.909743,f170lp-g235h f290lp-g395h clear-prism
aegis-2019001238,215.011053,52.908065,f170lp-g235h f290lp-g395h clear-prism
aegis-2019001297,215.017488,52.914016,f170lp-g235h f290lp-g395h clear-prism
aegis-2019001342,215.016857,52.914699,f170lp-g235h f290lp-g395h clear-prism
aegis-2019001360,215.009956,52.910653,f170lp-g235h f290lp-g395h clear-prism
aegis-2019001493,215.010717,52.914145,f170lp-g235h f290lp-g395h clear-prism
aegis-2019001519,214.998685,52.906242,f170lp-g235h f290lp-g395h clear-prism
aegis-2019001589,214.994531,52.905724,f170lp-g235h f290lp-g395h clear-prism
aegis-2019001610,215.028894,52.930504,f170lp-g235h f290lp-g395h clear-prism
aegis-2019001633,215.009814,52.917595,f170lp-g235h f290lp-g395h clear-prism
aegis-2019001658,215.026977,52.930242,f170lp-g235h f290lp-g395h clear-prism
aegis-2019001760,214.986161,52.904215,f170lp-g235h f290lp-g395h clear-prism
aegis-2019001767,215.031122,52.935192,f170lp-g235h f290lp-g395h clear-prism
aegis-2019001783,214.982725,52.90227,f170lp-g235h f290lp-g395h clear-prism
aegis-2019001790,214.999412,52.9139,f170lp-g235h f290lp-g395h clear-prism
aegis-2019001820,215.027381,52.934852,f170lp-g235h f290lp-g395h clear-prism
aegis-2019001835,215.020355,52.929774,f170lp-g235h f290lp-g395h clear-prism
aegis-2019001837,214.98313,52.903556,f170lp-g235h f290lp-g395h clear-prism
aegis-2019001842,215.033697,52.940066,f170lp-g235h f290lp-g395h clear-prism
aegis-2019001859,215.031917,52.93749,f170lp-g235h f290lp-g395h clear-prism
aegis-2019001889,215.022449,52.933124,f170lp-g235h f290lp-g395h clear-prism
aegis-2019001903,214.988847,52.909986,f170lp-g235h f290lp-g395h clear-prism
aegis-2019001924,215.029754,52.939343,f170lp-g235h f290lp-g395h clear-prism
aegis-2019001944,214.983195,52.906972,f170lp-g235h f290lp-g395h clear-prism
aegis-2019001958,214.983558,52.906082,f170lp-g235h f290lp-g395h clear-prism
aegis-2019001988,215.034666,52.944252,f170lp-g235h f290lp-g395h clear-prism
aegis-2019002003,214.978996,52.906309,f170lp-g235h f290lp-g395h clear-prism
aegis-2019002005,214.996085,52.91844,f170lp-g235h f290lp-g395h clear-prism
aegis-2019002017,214.9864,52.911858,f170lp-g235h f290lp-g395h clear-prism
aegis-2019002027,214.991661,52.915846,f170lp-g235h f290lp-g395h clear-prism
aegis-2019002046,214.989346,52.914686,f170lp-g235h f290lp-g395h clear-prism
aegis-2019002114,215.026412,52.942086,f170lp-g235h f290lp-g395h clear-prism
aegis-2019002164,214.988855,52.917203,f170lp-g235h f290lp-g395h clear-prism
aegis-2019002195,214.989623,52.918368,f170lp-g235h f290lp-g395h clear-prism
aegis-2019002320,215.027872,52.949649,f170lp-g235h f290lp-g395h clear-prism
aegis-2019002359,214.988619,52.922924,f170lp-g235h f290lp-g395h clear-prism
aegis-2019002512,215.017106,52.946278,f170lp-g235h f290lp-g395h clear-prism
aegis-2019002537,215.005843,52.939373,f170lp-g235h f290lp-g395h clear-prism
aegis-2019002539,215.00012,52.935851,f170lp-g235h f290lp-g395h clear-prism
aegis-2019002555,214.995346,52.933479,f170lp-g235h f290lp-g395h clear-prism
aegis-2019002564,215.010367,52.944397,f170lp-g235h f290lp-g395h clear-prism
aegis-2019002633,215.016383,52.950856,f170lp-g235h f290lp-g395h clear-prism
aegis-2019002715,215.007891,52.947041,f170lp-g235h f290lp-g395h clear-prism
aegis-2019002795,214.99675,52.941799,f170lp-g235h f290lp-g395h clear-prism
aegis-2019002810,214.947891,52.907468,f170lp-g235h f290lp-g395h clear-prism
aegis-2019002835,214.99149,52.938911,f170lp-g235h f290lp-g395h clear-prism
aegis-2019002874,214.995983,52.943781,f170lp-g235h f290lp-g395h clear-prism
aegis-2019002893,214.994932,52.943375,f170lp-g235h f290lp-g395h clear-prism
aegis-2019002908,214.990062,52.940846,f170lp-g235h f290lp-g395h clear-prism
aegis-2019002921,215.002768,52.949712,f170lp-g235h f290lp-g395h clear-prism
aegis-2019002934,214.947817,52.91123,f170lp-g235h f290lp-g395h clear-prism
aegis-2019002962,214.994417,52.944777,f170lp-g235h f290lp-g395h clear-prism
aegis-2019002986,214.989695,52.940132,f170lp-g235h f290lp-g395h clear-prism
aegis-2019002997,214.949554,52.913905,f170lp-g235h f290lp-g395h clear-prism
aegis-2019003013,214.996061,52.948523,f170lp-g235h f290lp-g395h clear-prism
aegis-2019003026,214.997272,52.947611,f170lp-g235h f290lp-g395h clear-prism
aegis-2019003077,215.002302,52.954872,f170lp-g235h f290lp-g395h clear-prism
aegis-2019003106,214.939708,52.911056,f170lp-g235h f290lp-g395h clear-prism
aegis-2019003128,214.944745,52.914199,f170lp-g235h f290lp-g395h clear-prism
aegis-2019003153,214.940915,52.913492,f170lp-g235h f290lp-g395h clear-prism
aegis-2019003269,214.944987,52.918951,f170lp-g235h f290lp-g395h clear-prism
aegis-2019003272,214.950949,52.923947,f170lp-g235h f290lp-g395h clear-prism
aegis-2019003338,214.947941,52.923686,f170lp-g235h f290lp-g395h clear-prism
aegis-2019003432,214.950024,52.927026,f170lp-g235h f290lp-g395h clear-prism
aegis-2019003485,214.941367,52.922772,f170lp-g235h f290lp-g395h clear-prism
aegis-2019003492,214.943171,52.923881,f170lp-g235h f290lp-g395h clear-prism
aegis-2019003550,214.932565,52.918356,f170lp-g235h f290lp-g395h clear-prism
aegis-2019003553,214.92599,52.914969,f170lp-g235h f290lp-g395h clear-prism
aegis-2019003586,214.945381,52.929565,f170lp-g235h f290lp-g395h clear-prism
aegis-2019003589,214.935093,52.922437,f170lp-g235h f290lp-g395h clear-prism
aegis-2019003604,214.933362,52.921482,f170lp-g235h f290lp-g395h clear-prism
aegis-2019003612,214.920503,52.912686,f170lp-g235h f290lp-g395h clear-prism
aegis-2019003638,214.939517,52.926608,f170lp-g235h f290lp-g395h clear-prism
aegis-2019003639,214.957787,52.939857,f170lp-g235h f290lp-g395h clear-prism
aegis-2019003659,214.920055,52.913586,f170lp-g235h f290lp-g395h clear-prism
aegis-2019003661,214.925721,52.918606,f170lp-g235h f290lp-g395h clear-prism
aegis-2019003679,214.928563,52.920646,f170lp-g235h f290lp-g395h clear-prism
aegis-2019003686,214.923495,52.917735,f170lp-g235h f290lp-g395h clear-prism
aegis-2019003713,214.930189,52.922753,f170lp-g235h f290lp-g395h clear-prism
aegis-2019003778,214.935331,52.928059,f170lp-g235h f290lp-g395h clear-prism
aegis-2019003782,214.920958,52.915238,f170lp-g235h f290lp-g395h clear-prism
aegis-2019003905,214.958668,52.950322,f170lp-g235h f290lp-g395h clear-prism
aegis-2019003957,214.962176,52.954164,f170lp-g235h f290lp-g395h clear-prism
aegis-2019003961,214.950475,52.945978,f170lp-g235h f290lp-g395h clear-prism
aegis-2019003982,214.950409,52.946657,f170lp-g235h f290lp-g395h clear-prism
aegis-2019003998,214.952356,52.949005,f170lp-g235h f290lp-g395h clear-prism
aegis-2019004071,214.94675,52.94786,f170lp-g235h f290lp-g395h clear-prism
aegis-2019004083,214.94207,52.945049,f170lp-g235h f290lp-g395h clear-prism
aegis-2019004116,214.953125,52.953774,f170lp-g235h f290lp-g395h clear-prism
aegis-2019004122,214.947692,52.950631,f170lp-g235h f290lp-g395h clear-prism
aegis-2019004151,214.942114,52.946416,f170lp-g235h f290lp-g395h clear-prism
aegis-2019004163,214.950325,52.954904,f170lp-g235h f290lp-g395h clear-prism
aegis-2019004168,214.948366,52.953853,f170lp-g235h f290lp-g395h clear-prism
aegis-2019004170,214.936949,52.945467,f170lp-g235h f290lp-g395h clear-prism
aegis-2019004184,214.942039,52.95023,f170lp-g235h f290lp-g395h clear-prism
aegis-2019004193,214.933371,52.944375,f170lp-g235h f290lp-g395h clear-prism
aegis-2019004214,214.954781,52.960888,f170lp-g235h f290lp-g395h clear-prism
aegis-2019004221,214.934716,52.947094,f170lp-g235h f290lp-g395h clear-prism
aegis-2019004638,215.000968,52.897765,f170lp-g235h f290lp-g395h clear-prism
aegis-2019004808,214.991372,52.908349,f170lp-g235h f290lp-g395h clear-prism
aegis-2019004830,214.979119,52.901717,f170lp-g235h f290lp-g395h
aegis-2019004885,215.019419,52.935697,f170lp-g235h f290lp-g395h clear-prism
aegis-2019004948,214.986818,52.918315,f170lp-g235h f290lp-g395h clear-prism
aegis-2019005035,215.001302,52.936559,f170lp-g235h f290lp-g395h clear-prism
aegis-2019005072,215.012795,52.948573,f170lp-g235h f290lp-g395h clear-prism
aegis-2019005172,214.94276,52.907756,f170lp-g235h f290lp-g395h clear-prism
aegis-2019005192,214.993726,52.946072,f170lp-g235h f290lp-g395h clear-prism
aegis-2019005235,215.00016,52.95442,f170lp-g235h f290lp-g395h clear-prism
aegis-2019005384,214.938576,52.923926,f170lp-g235h f290lp-g395h clear-prism
aegis-2019005437,214.926577,52.921602,f170lp-g235h f290lp-g395h clear-prism
aegis-2019005451,214.928671,52.924364,f170lp-g235h f290lp-g395h clear-prism
aegis-2019005480,214.947768,52.942769,f170lp-g235h f290lp-g395h clear-prism
aegis-2019005551,214.950924,52.957043,f170lp-g235h f290lp-g395h clear-prism
aegis-2019005568,214.95048,52.960634,f170lp-g235h f290lp-g395h clear-prism
aegis-2019005961,215.011002,52.913327,f170lp-g235h f290lp-g395h clear-prism
aegis-2019005987,215.026969,52.927824,f170lp-g235h f290lp-g395h clear-prism
aegis-2019006104,214.990126,52.911842,f170lp-g235h f290lp-g395h clear-prism
aegis-2019006117,214.989663,52.913547,f170lp-g235h f290lp-g395h clear-prism
aegis-2019006263,215.002019,52.939501,f170lp-g235h f290lp-g395h clear-prism
aegis-2019006289,215.017308,52.952889,f170lp-g235h f290lp-g395h clear-prism
aegis-2019006295,215.012004,52.950014,f170lp-g235h f290lp-g395h clear-prism
aegis-2019006308,214.998932,52.942055,f170lp-g235h f290lp-g395h clear-prism
aegis-2019006311,214.990356,52.936977,f170lp-g235h f290lp-g395h clear-prism
aegis-2019006420,214.937485,52.918335,f170lp-g235h f290lp-g395h clear-prism
aegis-2019006473,214.94367,52.93041,f170lp-g235h f290lp-g395h clear-prism
aegis-2019006600,214.953163,52.958512,f170lp-g235h f290lp-g395h clear-prism
aegis-2019006881,215.001343,52.918397,f170lp-g235h f290lp-g395h clear-prism
aegis-2019007187,214.996659,52.897927,f170lp-g235h f290lp-g395h clear-prism
aegis-2019007246,214.951081,52.920167,f170lp-g235h f290lp-g395h clear-prism
aegis-2019007453,214.945847,52.958932,f170lp-g235h f290lp-g395h clear-prism
aegis-2019007481,214.955246,52.947003,f170lp-g235h f290lp-g395h clear-prism
aegis-2019007500,214.993943,52.946908,f170lp-g235h f290lp-g395h clear-prism
aegis-2019007515,214.943482,52.954164,f170lp-g235h f290lp-g395h clear-prism
aegis-2019007879,215.01059,52.907361,f170lp-g235h f290lp-g395h clear-prism
aegis-2020000264,214.90618,52.802125,f170lp-g235h f290lp-g395h clear-prism
aegis-2020000290,214.905903,52.803038,f170lp-g235h f290lp-g395h clear-prism
aegis-2020000301,214.914596,52.809641,f170lp-g235h f290lp-g395h clear-prism
aegis-2020000340,214.913436,52.810406,f170lp-g235h f290lp-g395h clear-prism
aegis-2020000376,214.90845,52.807933,f170lp-g235h f290lp-g395h clear-prism
aegis-2020000398,214.918554,52.815289,f170lp-g235h f290lp-g395h clear-prism
aegis-2020000466,214.923919,52.82193,f170lp-g235h f290lp-g395h clear-prism
aegis-2020000574,214.895904,52.806551,f170lp-g235h f290lp-g395h clear-prism
aegis-2020000586,214.897785,52.807678,f170lp-g235h f290lp-g395h clear-prism
aegis-2020000671,214.90642,52.816875,f170lp-g235h f290lp-g395h clear-prism
aegis-2020000684,214.904164,52.815939,f170lp-g235h f290lp-g395h clear-prism
aegis-2020000703,214.929914,52.835484,f170lp-g235h f290lp-g395h clear-prism
aegis-2020000727,214.908626,52.821073,f170lp-g235h f290lp-g395h clear-prism
aegis-2020000736,214.909916,52.821626,f170lp-g235h f290lp-g395h clear-prism
aegis-2020000745,214.900411,52.815126,f170lp-g235h f290lp-g395h clear-prism
aegis-2020000854,214.925812,52.838089,f170lp-g235h f290lp-g395h clear-prism
aegis-2020000866,214.881215,52.806653,f170lp-g235h f290lp-g395h
aegis-2020000894,214.88795,52.811031,f170lp-g235h f290lp-g395h clear-prism
aegis-2020000901,214.88402,52.809532,f170lp-g235h f290lp-g395h clear-prism
aegis-2020000955,214.894064,52.818462,f170lp-g235h f290lp-g395h clear-prism
aegis-2020000963,214.898169,52.821841,f170lp-g235h f290lp-g395h clear-prism
aegis-2020000967,214.936473,52.849103,f170lp-g235h f290lp-g395h clear-prism
aegis-2020000992,214.936627,52.849669,f170lp-g235h f290lp-g395h clear-prism
aegis-2020000996,214.936712,52.847261,f170lp-g235h f290lp-g395h clear-prism
aegis-2020001030,214.885705,52.814917,f170lp-g235h f290lp-g395h clear-prism
aegis-2020001055,214.939015,52.853252,f170lp-g235h f290lp-g395h clear-prism
aegis-2020001076,214.925504,52.844312,f170lp-g235h f290lp-g395h clear-prism
aegis-2020001078,214.922415,52.842344,f170lp-g235h f290lp-g395h clear-prism
aegis-2020001081,214.940052,52.853749,f170lp-g235h f290lp-g395h clear-prism
aegis-2020001083,214.885208,52.81574,f170lp-g235h f290lp-g395h clear-prism
aegis-2020001085,214.929004,52.84705,f170lp-g235h f290lp-g395h clear-prism
aegis-2020001110,214.892155,52.820791,f170lp-g235h f290lp-g395h clear-prism
aegis-2020001111,214.900179,52.825125,f170lp-g235h f290lp-g395h clear-prism
aegis-2020001229,214.919543,52.841966,f170lp-g235h f290lp-g395h clear-prism
aegis-2020001235,214.91533,52.841553,f170lp-g235h f290lp-g395h clear-prism
aegis-2020001349,214.893112,52.827946,f170lp-g235h f290lp-g395h clear-prism
aegis-2020001408,214.907297,52.840871,f170lp-g235h f290lp-g395h clear-prism
aegis-2020001494,214.903822,52.840059,f170lp-g235h f290lp-g395h clear-prism
aegis-2020001495,214.901154,52.838109,f170lp-g235h f290lp-g395h clear-prism
aegis-2020001666,214.911407,52.848735,f170lp-g235h f290lp-g395h clear-prism
aegis-2020001726,214.907918,52.848763,f170lp-g235h f290lp-g395h clear-prism
aegis-2020001756,214.89958,52.841556,f170lp-g235h f290lp-g395h clear-prism
aegis-2020001970,214.897852,52.847373,f170lp-g235h f290lp-g395h clear-prism
aegis-2020001975,214.897905,52.848406,f170lp-g235h f290lp-g395h clear-prism
aegis-2020001992,214.90902,52.856545,f170lp-g235h f290lp-g395h clear-prism
aegis-2020002024,214.847285,52.812766,f170lp-g235h f290lp-g395h clear-prism
aegis-2020002063,214.89831,52.849015,f170lp-g235h f290lp-g395h clear-prism
aegis-2020002081,214.893982,52.84743,f170lp-g235h f290lp-g395h clear-prism
aegis-2020002129,214.851064,52.819544,f170lp-g235h f290lp-g395h clear-prism
aegis-2020002200,214.848747,52.819148,f170lp-g235h f290lp-g395h clear-prism
aegis-2020002269,214.852781,52.824244,f170lp-g235h f290lp-g395h clear-prism
aegis-2020002337,214.901897,52.859868,f170lp-g235h f290lp-g395h clear-prism
aegis-2020002375,214.846032,52.82203,f170lp-g235h f290lp-g395h clear-prism
aegis-2020002397,214.855707,52.828201,f170lp-g235h f290lp-g395h clear-prism
aegis-2020002486,214.835534,52.817664,f170lp-g235h f290lp-g395h clear-prism
aegis-2020002545,214.840476,52.822411,f170lp-g235h f290lp-g395h clear-prism
aegis-2020002567,214.851059,52.830762,f170lp-g235h f290lp-g395h clear-prism
aegis-2020002632,214.840363,52.824962,f170lp-g235h f290lp-g395h clear-prism
aegis-2020002742,214.829679,52.820773,f170lp-g235h f290lp-g395h clear-prism
aegis-2020002767,214.82374,52.816971,f170lp-g235h f290lp-g395h clear-prism
aegis-2020002787,214.848687,52.835236,f170lp-g235h f290lp-g395h clear-prism
aegis-2020002811,214.862164,52.84541,f170lp-g235h f290lp-g395h clear-prism
aegis-2020002835,214.839214,52.829323,f170lp-g235h f290lp-g395h clear-prism
aegis-2020002912,214.825792,52.82217,f170lp-g235h f290lp-g395h clear-prism
aegis-2020002967,214.822508,52.821482,f170lp-g235h f290lp-g395h clear-prism
aegis-2020003005,214.841411,52.835866,f170lp-g235h f290lp-g395h clear-prism
aegis-2020003014,214.824471,52.8247,f170lp-g235h f290lp-g395h clear-prism
aegis-2020003073,214.824738,52.826237,f170lp-g235h f290lp-g395h clear-prism
aegis-2020003119,214.858357,52.851285,f170lp-g235h f290lp-g395h clear-prism
aegis-2020003139,214.829116,52.830163,f170lp-g235h f290lp-g395h clear-prism
aegis-2020003216,214.826337,52.829316,f170lp-g235h f290lp-g395h clear-prism
aegis-2020003242,214.863683,52.857903,f170lp-g235h f290lp-g395h clear-prism
aegis-2020003275,214.82892,52.833242,f170lp-g235h f290lp-g395h clear-prism
aegis-2020003304,214.855797,52.854673,f170lp-g235h f290lp-g395h clear-prism
aegis-2020003317,214.8648,52.860506,f170lp-g235h f290lp-g395h clear-prism
aegis-2020003326,214.865802,52.861867,f170lp-g235h f290lp-g395h clear-prism
aegis-2020003342,214.855726,52.855314,f170lp-g235h f290lp-g395h clear-prism
aegis-2020003389,214.851092,52.853319,f170lp-g235h f290lp-g395h clear-prism
aegis-2020003424,214.859792,52.860636,f170lp-g235h f290lp-g395h clear-prism
aegis-2020003493,214.861199,52.863489,f170lp-g235h f290lp-g395h clear-prism
aegis-2020003494,214.846815,52.852487,f170lp-g235h f290lp-g395h clear-prism
aegis-2020003509,214.844529,52.852028,f170lp-g235h f290lp-g395h clear-prism
aegis-2020003601,214.84969,52.858182,f170lp-g235h f290lp-g395h clear-prism
aegis-2020003634,214.850068,52.859533,f170lp-g235h f290lp-g395h clear-prism
aegis-2020003688,214.839034,52.852083,f170lp-g235h f290lp-g395h clear-prism
aegis-2020003758,214.859409,52.869359,f170lp-g235h f290lp-g395h clear-prism
aegis-2020004509,214.909402,52.808327,f170lp-g235h f290lp-g395h clear-prism
aegis-2020004552,214.908842,52.812021,f170lp-g235h f290lp-g395h clear-prism
aegis-2020004658,214.926842,52.835346,f170lp-g235h f290lp-g395h clear-prism
aegis-2020004678,214.891929,52.81208,f170lp-g235h f290lp-g395h clear-prism
aegis-2020004685,214.935977,52.844579,f170lp-g235h f290lp-g395h clear-prism
aegis-2020004717,214.88553,52.81237,f170lp-g235h f290lp-g395h clear-prism
aegis-2020004733,214.896029,52.820589,f170lp-g235h f290lp-g395h clear-prism
aegis-2020005006,214.894186,52.845241,f170lp-g235h f290lp-g395h clear-prism
aegis-2020005049,214.907576,52.859563,f170lp-g235h f290lp-g395h clear-prism
aegis-2020005064,214.852944,52.821627,f170lp-g235h f290lp-g395h clear-prism
aegis-2020005156,214.836858,52.816589,f170lp-g235h f290lp-g395h clear-prism
aegis-2020005205,214.84431,52.825213,f170lp-g235h f290lp-g395h clear-prism
aegis-2020005210,214.850725,52.830301,f170lp-g235h f290lp-g395h clear-prism
aegis-2020005238,214.834214,52.821147,f170lp-g235h f290lp-g395h clear-prism
aegis-2020005308,214.835959,52.828241,f170lp-g235h f290lp-g395h clear-prism
aegis-2020005349,214.824289,52.824027,f170lp-g235h f290lp-g395h clear-prism
aegis-2020005589,214.847444,52.861367,f170lp-g235h f290lp-g395h clear-prism
aegis-2020005626,214.847563,52.866566,f170lp-g235h f290lp-g395h clear-prism
aegis-2020005887,214.923965,52.820068,f170lp-g235h f290lp-g395h clear-prism
aegis-2020005892,214.92413,52.820868,f170lp-g235h f290lp-g395h clear-prism
aegis-2020005924,214.897072,52.805558,f170lp-g235h f290lp-g395h clear-prism
aegis-2020005975,214.929872,52.836122,f170lp-g235h f290lp-g395h clear-prism
aegis-2020006047,214.916155,52.836409,f170lp-g235h f290lp-g395h clear-prism
aegis-2020006050,214.898667,52.82476,f170lp-g235h f290lp-g395h clear-prism
aegis-2020006214,214.920827,52.855743,f170lp-g235h f290lp-g395h clear-prism
aegis-2020006236,214.913276,52.851443,f170lp-g235h f290lp-g395h clear-prism
aegis-2020006251,214.91462,52.852867,f170lp-g235h f290lp-g395h clear-prism
aegis-2020006321,214.853005,52.813126,f170lp-g235h f290lp-g395h clear-prism
aegis-2020006322,214.906639,52.851717,f170lp-g235h f290lp-g395h clear-prism
aegis-2020006346,214.908789,52.854511,f170lp-g235h f290lp-g395h clear-prism
aegis-2020006366,214.901769,52.851273,f170lp-g235h f290lp-g395h clear-prism
aegis-2020006373,214.894101,52.846511,f170lp-g235h f290lp-g395h clear-prism
aegis-2020006380,214.847143,52.813629,f170lp-g235h f290lp-g395h clear-prism
aegis-2020006401,214.910238,52.860169,f170lp-g235h f290lp-g395h clear-prism
aegis-2020006406,214.84848,52.816803,f170lp-g235h f290lp-g395h clear-prism
aegis-2020006425,214.901436,52.856465,f170lp-g235h f290lp-g395h clear-prism
aegis-2020006426,214.898804,52.852562,f170lp-g235h f290lp-g395h clear-prism
aegis-2020006552,214.833654,52.818716,f170lp-g235h f290lp-g395h clear-prism
aegis-2020006562,214.84595,52.828986,f170lp-g235h f290lp-g395h clear-prism
aegis-2020006632,214.821954,52.817994,f170lp-g235h f290lp-g395h clear-prism
aegis-2020006650,214.831473,52.825889,f170lp-g235h f290lp-g395h clear-prism
aegis-2020006651,214.842774,52.83413,f170lp-g235h f290lp-g395h clear-prism
aegis-2020006796,214.844229,52.850549,f170lp-g235h f290lp-g395h clear-prism
aegis-2020006823,214.86509,52.867666,f170lp-g235h f290lp-g395h clear-prism
aegis-2020006853,214.85259,52.861221,f170lp-g235h f290lp-g395h clear-prism
aegis-2020006916,214.840323,52.856241,f170lp-g235h f290lp-g395h clear-prism
aegis-2020006946,214.842839,52.860036,f170lp-g235h f290lp-g395h clear-prism
aegis-2020007227,214.844574,52.849691,f170lp-g235h f290lp-g395h clear-prism
aegis-2020007493,214.921143,52.817929,f170lp-g235h f290lp-g395h clear-prism
aegis-2020007536,214.856659,52.862886,f170lp-g235h f290lp-g395h clear-prism
aegis-2020007552,214.862488,52.865502,f170lp-g235h f290lp-g395h clear-prism
aegis-2020007667,214.853577,52.825742,f170lp-g235h f290lp-g395h clear-prism
aegis-2020008022,214.901306,52.842733,f170lp-g235h f290lp-g395h clear-prism
aegis-2020008149,214.908066,52.807042,f170lp-g235h f290lp-g395h clear-prism
aegis-2020008189,214.892075,52.846177,f170lp-g235h f290lp-g395h clear-prism
aegis-2020008402,214.920395,52.817445,f170lp-g235h f290lp-g395h clear-prism
aegis-2020008613,214.901047,52.815858,f170lp-g235h f290lp-g395h clear-prism
aegis-2020008652,214.921259,52.84573,f170lp-g235h f290lp-g395h clear-prism
aegis-2021000689,214.839765,52.772774,f170lp-g235h f290lp-g395h clear-prism
aegis-2021000811,214.833878,52.773286,f170lp-g235h f290lp-g395h clear-prism
aegis-2021000906,214.830545,52.774948,f170lp-g235h f290lp-g395h clear-prism
aegis-2021000937,214.836615,52.780371,f170lp-g235h f290lp-g395h clear-prism
aegis-2021000962,214.841124,52.784065,f170lp-g235h f290lp-g395h clear-prism
aegis-2021000982,214.841997,52.78562,f170lp-g235h f290lp-g395h clear-prism
aegis-2021001024,214.838121,52.783595,f170lp-g235h f290lp-g395h clear-prism
aegis-2021001025,214.820533,52.771671,f170lp-g235h f290lp-g395h clear-prism
aegis-2021001033,214.819388,52.770965,f170lp-g235h f290lp-g395h clear-prism
aegis-2021001080,214.824822,52.776501,f170lp-g235h f290lp-g395h clear-prism
aegis-2021001089,214.828746,52.779711,f170lp-g235h f290lp-g395h clear-prism
aegis-2021001097,214.817315,52.771807,f170lp-g235h f290lp-g395h clear-prism
aegis-2021001177,214.813657,52.771255,f170lp-g235h f290lp-g395h clear-prism
aegis-2021001180,214.822917,52.778358,f170lp-g235h f290lp-g395h clear-prism
aegis-2021001181,214.831604,52.785049,f170lp-g235h f290lp-g395h clear-prism
aegis-2021001189,214.839896,52.791171,f170lp-g235h f290lp-g395h clear-prism
aegis-2021001241,214.810786,52.771559,f170lp-g235h f290lp-g395h clear-prism
aegis-2021001255,214.825783,52.781029,f170lp-g235h f290lp-g395h clear-prism
aegis-2021001275,214.833353,52.788157,f170lp-g235h f290lp-g395h clear-prism
aegis-2021001286,214.821794,52.781129,f170lp-g235h f290lp-g395h clear-prism
aegis-2021001303,214.834168,52.789589,f170lp-g235h f290lp-g395h clear-prism
aegis-2021001372,214.830355,52.789388,f170lp-g235h f290lp-g395h clear-prism
aegis-2021001439,214.826804,52.788721,f170lp-g235h f290lp-g395h clear-prism
aegis-2021001505,214.819799,52.785667,f170lp-g235h f290lp-g395h clear-prism
aegis-2021001508,214.823333,52.788414,f170lp-g235h f290lp-g395h clear-prism
aegis-2021001551,214.818431,52.786173,f170lp-g235h f290lp-g395h clear-prism
aegis-2021001636,214.811758,52.783706,f170lp-g235h f290lp-g395h clear-prism
aegis-2021001695,214.817465,52.789064,f170lp-g235h f290lp-g395h clear-prism
aegis-2021001734,214.814323,52.787745,f170lp-g235h f290lp-g395h clear-prism
aegis-2021001796,214.813257,52.788893,f170lp-g235h f290lp-g395h clear-prism
aegis-2021001815,214.806644,52.783783,f170lp-g235h f290lp-g395h clear-prism
aegis-2021001905,214.783385,52.770677,f170lp-g235h f290lp-g395h clear-prism
aegis-2021001921,214.838315,52.81032,f170lp-g235h f290lp-g395h clear-prism
aegis-2021002003,214.840161,52.810845,f170lp-g235h f290lp-g395h clear-prism
aegis-2021002071,214.83905,52.814517,f170lp-g235h f290lp-g395h clear-prism
aegis-2021002161,214.826715,52.808412,f170lp-g235h f290lp-g395h clear-prism
aegis-2021002245,214.777754,52.77601,f170lp-g235h f290lp-g395h clear-prism
aegis-2021002283,214.776898,52.776363,f170lp-g235h f290lp-g395h clear-prism
aegis-2021002334,214.836283,52.82041,f170lp-g235h f290lp-g395h clear-prism
aegis-2021002388,214.764757,52.770235,f170lp-g235h f290lp-g395h clear-prism
aegis-2021002390,214.840363,52.824962,f170lp-g235h f290lp-g395h clear-prism
aegis-2021002434,214.837228,52.824349,f170lp-g235h f290lp-g395h clear-prism
aegis-2021002438,214.76551,52.773314,f170lp-g235h f290lp-g395h clear-prism
aegis-2021002442,214.821158,52.812471,f170lp-g235h f290lp-g395h clear-prism
aegis-2021002450,214.815507,52.808938,f170lp-g235h f290lp-g395h clear-prism
aegis-2021002479,214.775196,52.781341,f170lp-g235h f290lp-g395h clear-prism
aegis-2021002493,214.816666,52.811376,f170lp-g235h f290lp-g395h clear-prism
aegis-2021002496,214.829679,52.820773,f170lp-g235h f290lp-g395h clear-prism
aegis-2021002513,214.831599,52.822058,f170lp-g235h f290lp-g395h clear-prism
aegis-2021002542,214.774261,52.782177,f170lp-g235h f290lp-g395h clear-prism
aegis-2021002582,214.770128,52.780204,f170lp-g235h f290lp-g395h clear-prism
aegis-2021002586,214.83887,52.829621,f170lp-g235h f290lp-g395h clear-prism
aegis-2021002587,214.834892,52.822483,f170lp-g235h f290lp-g395h clear-prism
aegis-2021002608,214.809976,52.80973,f170lp-g235h f290lp-g395h clear-prism
aegis-2021002691,214.760162,52.776615,f170lp-g235h f290lp-g395h clear-prism
aegis-2021002716,214.812146,52.814392,f170lp-g235h f290lp-g395h clear-prism
aegis-2021002727,214.811322,52.81356,f170lp-g235h f290lp-g395h clear-prism
aegis-2021002728,214.807771,52.811209,f170lp-g235h f290lp-g395h clear-prism
aegis-2021002746,214.804448,52.809841,f170lp-g235h f290lp-g395h clear-prism
aegis-2021002750,214.813058,52.816183,f170lp-g235h f290lp-g395h clear-prism
aegis-2021002751,214.768645,52.784137,f170lp-g235h f290lp-g395h clear-prism
aegis-2021002800,214.749209,52.771841,f170lp-g235h f290lp-g395h clear-prism
aegis-2021002825,214.819788,52.822171,f170lp-g235h f290lp-g395h clear-prism
aegis-2021002866,214.758967,52.780931,f170lp-g235h f290lp-g395h clear-prism
aegis-2021002921,214.814941,52.822269,f170lp-g235h f290lp-g395h clear-prism
aegis-2021002988,214.75672,52.782509,f170lp-g235h f290lp-g395h clear-prism
aegis-2021003024,214.813721,52.822759,f170lp-g235h f290lp-g395h clear-prism
aegis-2021003099,214.809704,52.82424,f170lp-g235h f290lp-g395h clear-prism
aegis-2021003100,214.815703,52.827576,f170lp-g235h f290lp-g395h clear-prism
aegis-2021003218,214.80806,52.826881,f170lp-g235h f290lp-g395h clear-prism
aegis-2021003234,214.774845,52.803573,f170lp-g235h f290lp-g395h clear-prism
aegis-2021003310,214.77322,52.804831,f170lp-g235h f290lp-g395h clear-prism
aegis-2021003368,214.803592,52.828088,f170lp-g235h f290lp-g395h clear-prism
aegis-2021003375,214.805471,52.829383,f170lp-g235h f290lp-g395h clear-prism
aegis-2021003589,214.777155,52.814118,f170lp-g235h f290lp-g395h clear-prism
aegis-2021003600,214.76208,52.80709,f170lp-g235h f290lp-g395h clear-prism
aegis-2021003624,214.767347,52.81161,f170lp-g235h f290lp-g395h clear-prism
aegis-2021003738,214.768142,52.816546,f170lp-g235h f290lp-g395h clear-prism
aegis-2021003768,214.751025,52.80447,f170lp-g235h f290lp-g395h clear-prism
aegis-2021003776,214.753966,52.806988,f170lp-g235h f290lp-g395h clear-prism
aegis-2021003795,214.782794,52.827703,f170lp-g235h f290lp-g395h clear-prism
aegis-2021003796,214.752047,52.805785,f170lp-g235h f290lp-g395h clear-prism
aegis-2021003831,214.781273,52.828574,f170lp-g235h f290lp-g395h clear-prism
aegis-2021003841,214.780348,52.828273,f170lp-g235h f290lp-g395h clear-prism
aegis-2021003846,214.75596,52.810757,f170lp-g235h f290lp-g395h clear-prism
aegis-2021003856,214.772009,52.823244,f170lp-g235h f290lp-g395h clear-prism
aegis-2021003858,214.779198,52.804776,f170lp-g235h f290lp-g395h clear-prism
aegis-2021003890,214.75685,52.813369,f170lp-g235h f290lp-g395h clear-prism
aegis-2021003895,214.74775,52.807574,f170lp-g235h f290lp-g395h clear-prism
aegis-2021003912,214.773941,52.827029,f170lp-g235h f290lp-g395h clear-prism
aegis-2021003916,214.77734,52.829368,f170lp-g235h f290lp-g395h clear-prism
aegis-2021003939,214.778296,52.829222,f170lp-g235h f290lp-g395h clear-prism
aegis-2021003963,214.76554,52.823515,f170lp-g235h f290lp-g395h clear-prism
aegis-2021004010,214.748902,52.812702,f170lp-g235h f290lp-g395h clear-prism
aegis-2021004049,214.762331,52.825091,f170lp-g235h f290lp-g395h clear-prism
aegis-2021004074,214.759894,52.824693,f170lp-g235h f290lp-g395h clear-prism
aegis-2021004084,214.764349,52.829076,f170lp-g235h f290lp-g395h clear-prism
aegis-2021004115,214.750689,52.821022,f170lp-g235h f290lp-g395h clear-prism
aegis-2021004127,214.769067,52.803237,f170lp-g235h f290lp-g395h clear-prism
aegis-2021004155,214.747422,52.823682,f170lp-g235h f290lp-g395h clear-prism
aegis-2021004157,214.752874,52.826523,f170lp-g235h f290lp-g395h clear-prism
aegis-2021004434,214.834682,52.772871,f170lp-g235h f290lp-g395h clear-prism
aegis-2021004464,214.835855,52.777838,f170lp-g235h f290lp-g395h clear-prism
aegis-2021004572,214.809741,52.770482,f170lp-g235h f290lp-g395h clear-prism
aegis-2021004696,214.805875,52.778908,f170lp-g235h f290lp-g395h clear-prism
aegis-2021004724,214.809913,52.78545,f170lp-g235h f290lp-g395h clear-prism
aegis-2021004801,214.83197,52.808754,f170lp-g235h f290lp-g395h clear-prism
aegis-2021004904,214.825449,52.81498,f170lp-g235h f290lp-g395h clear-prism
aegis-2021004912,214.818092,52.810523,f170lp-g235h f290lp-g395h clear-prism
aegis-2021004976,214.755344,52.771059,f170lp-g235h f290lp-g395h clear-prism
aegis-2021004991,214.761028,52.777241,f170lp-g235h f290lp-g395h clear-prism
aegis-2021005013,214.823465,52.823388,f170lp-g235h f290lp-g395h clear-prism
aegis-2021005023,214.762034,52.780096,f170lp-g235h f290lp-g395h clear-prism
aegis-2021005041,214.763199,52.782727,f170lp-g235h f290lp-g395h clear-prism
aegis-2021005068,214.7579,52.781281,f170lp-g235h f290lp-g395h clear-prism
aegis-2021005092,214.820782,52.82886,f170lp-g235h f290lp-g395h clear-prism
aegis-2021005114,214.804821,52.820753,f170lp-g235h f290lp-g395h clear-prism
aegis-2021005147,214.806785,52.825694,f170lp-g235h f290lp-g395h clear-prism
aegis-2021005216,214.784868,52.818394,f170lp-g235h f290lp-g395h clear-prism
aegis-2021005225,214.779805,52.815868,f170lp-g235h f290lp-g395h clear-prism
aegis-2021005292,214.758002,52.808136,f170lp-g235h f290lp-g395h clear-prism
aegis-2021005308,214.772993,52.82082,f170lp-g235h f290lp-g395h clear-prism
aegis-2021005361,214.770704,52.826478,f170lp-g235h f290lp-g395h clear-prism
aegis-2021005720,214.814659,52.77158,f170lp-g235h f290lp-g395h clear-prism
aegis-2021005961,214.784647,52.773314,f170lp-g235h f290lp-g395h clear-prism
aegis-2021005966,214.780501,52.7719,f170lp-g235h f290lp-g395h clear-prism
aegis-2021005988,214.779276,52.772737,f170lp-g235h f290lp-g395h clear-prism
aegis-2021006040,214.824081,52.808525,f170lp-g235h f290lp-g395h clear-prism
aegis-2021006059,214.785177,52.782383,f170lp-g235h f290lp-g395h clear-prism
aegis-2021006083,214.77243,52.776054,f170lp-g235h f290lp-g395h clear-prism
aegis-2021006096,214.833655,52.821059,f170lp-g235h f290lp-g395h clear-prism
aegis-2021006106,214.781702,52.78465,f170lp-g235h f290lp-g395h clear-prism
aegis-2021006134,214.819159,52.813288,f170lp-g235h f290lp-g395h clear-prism
aegis-2021006182,214.754343,52.771912,f170lp-g235h f290lp-g395h clear-prism
aegis-2021006214,214.80625,52.81275,f170lp-g235h f290lp-g395h clear-prism
aegis-2021006242,214.825641,52.828859,f170lp-g235h f290lp-g395h clear-prism
aegis-2021006317,214.781246,52.805248,f170lp-g235h f290lp-g395h clear-prism
aegis-2021006361,214.776617,52.80637,f170lp-g235h f290lp-g395h clear-prism
aegis-2021006394,214.772079,52.805705,f170lp-g235h f290lp-g395h clear-prism
aegis-2021006452,214.76502,52.806319,f170lp-g235h f290lp-g395h clear-prism
aegis-2021006471,214.76357,52.806578,f170lp-g235h f290lp-g395h clear-prism
aegis-2021006475,214.766438,52.808862,f170lp-g235h f290lp-g395h clear-prism
aegis-2021006497,214.760238,52.806472,f170lp-g235h f290lp-g395h clear-prism
aegis-2021006634,214.81737,52.82975,f170lp-g235h f290lp-g395h clear-prism
aegis-2021006718,214.749512,52.823766,f170lp-g235h f290lp-g395h clear-prism
aegis-2021006728,214.770233,52.809575,f170lp-g235h f290lp-g395h clear-prism
aegis-2021006828,214.814652,52.808026,f170lp-g235h f290lp-g395h clear-prism
aegis-2021007799,214.816391,52.789018,f170lp-g235h f290lp-g395h clear-prism
aegis-2021007883,214.759568,52.8033,f170lp-g235h f290lp-g395h clear-prism
aegis-2021008021,214.829238,52.80843,f170lp-g235h f290lp-g395h clear-prism
aegis-2021008037,214.75012,52.778066,f170lp-g235h f290lp-g395h clear-prism
