id,ra,dec,z_ALT,n_lines_detected,zspec
7765,3.5751059,-30.4409116,6.674253,1,
7903,3.5749447,-30.440569,4.983277,1,
8039,3.5748564,-30.4405245,4.984958,1,
8951,3.5723095,-30.4379779,0.955558,1,
9793,3.5743225,-30.4376564,0.498303,1,
9862,3.5852716,-30.4358825,4.757918,1,
10244,3.5704164,-30.4341138,0.422011,1,
10253,3.5803595,-30.4342306,4.618613,1,
10308,3.5668605,-30.4340438,5.799008,1,
10458,3.5679352,-30.4342936,2.296393,1,
10657,3.572524,-30.4347846,0.847091,1,
10680,3.5859472,-30.4335197,2.584566,2,2.584566
10845,3.583837,-30.4335903,2.983044,1,
10938,3.5861607,-30.4337142,2.581016,2,2.581016
11015,3.5678862,-30.4342263,2.290924,1,
11132,3.5719235,-30.4320964,5.803907,1,
11183,3.5943734,-30.4322701,4.909503,1,
11198,3.5748855,-30.4319783,4.57517,1,
11290,3.5669239,-30.4318822,3.89163,1,
11345,3.5700701,-30.4320887,4.782431,1,
11443,3.5790026,-30.4314968,4.795902,2,4.795902
11516,3.5936654,-30.4314919,4.909425,1,
11691,3.5698412,-30.4312206,4.912982,1,
11736,3.5897635,-30.4316312,2.580259,1,
11741,3.5718802,-30.4313673,2.654416,2,2.654416
11746,3.5702493,-30.4308829,4.794459,1,
11877,3.567938,-30.4303229,4.794999,1,
11932,3.5763135,-30.4307253,2.652457,3,2.652457
11940,3.6000199,-30.4310595,4.978655,1,
12071,3.5898374,-30.4303657,6.295095,1,
12195,3.5721714,-30.429825,2.605998,2,2.605998
12225,3.5867667,-30.4295998,6.131894,1,
12386,3.5679964,-30.4292777,4.478421,1,
12403,3.5696685,-30.4292814,4.260599,1,
12580,3.5675217,-30.4287366,5.761153,1,
12591,3.5711434,-30.428821,0.968791,1,
12607,3.5814233,-30.4293397,1.755782,1,
12832,3.5675276,-30.4292166,2.426387,3,2.426387
12854,3.5810676,-30.4282907,4.575706,1,
12877,3.5860639,-30.4280565,6.11978,1,
12999,3.5675599,-30.4281951,2.580062,3,2.580062
13015,3.5704536,-30.4277294,6.29202,1,
13044,3.5630908,-30.4279063,4.912048,1,
13070,3.5889836,-30.4279189,0.891887,1,
13209,3.5883221,-30.4273323,4.71901,1,
13360,3.581117,-30.4269672,4.338902,1,
13422,3.5765646,-30.4270052,2.510003,2,2.510003
13452,3.5913996,-30.4267512,4.45778,1,
13486,3.5632889,-30.4264816,6.22705,1,
13597,3.5889466,-30.4287029,0.956133,2,0.956133
13634,3.5677178,-30.4262096,4.910958,1,
13648,3.5655594,-30.4260822,4.905456,1,
13747,3.5906958,-30.4262411,4.704617,1,
13784,3.5678299,-30.4262397,4.91392,2,4.91392
13797,3.5899568,-30.4258258,4.696002,1,
13801,3.5656508,-30.4261385,4.913974,1,
13809,3.5900337,-30.4259506,4.717777,1,
13810,3.5694755,-30.4270059,2.58092,1,
13823,3.5902049,-30.4259746,4.7148,1,
13835,3.5894525,-30.4261929,6.12382,1,
13852,3.578528,-30.4265321,1.015828,1,
13952,3.5899004,-30.4258791,4.703245,1,
13959,3.5901444,-30.4258924,4.706581,1,
14026,3.571573,-30.4255215,4.011886,1,
14043,3.5757081,-30.4265653,2.587736,1,
14113,3.5863726,-30.4251501,2.985803,1,
14118,3.5713243,-30.4251676,4.015474,1,
14122,3.5860841,-30.425063,2.98021,2,2.98021
14265,3.5669387,-30.4253065,1.977776,2,1.977776
14307,3.5648882,-30.4249558,5.330369,1,
14324,3.5808287,-30.4252623,4.703731,1,
14339,3.5954604,-30.4247001,6.289939,3,6.289939
14384,3.5754821,-30.4243625,4.015211,3,4.015211
14413,3.5861529,-30.4249774,2.974766,1,
14415,3.5862164,-30.4250936,2.987263,2,2.987263
14457,3.5920722,-30.4254352,0.95547,1,
14468,3.5863706,-30.4250522,2.98557,2,2.98557
14492,3.5801447,-30.4243598,4.012434,1,
14566,3.5802942,-30.4244082,4.013404,1,
14799,3.575472,-30.4244719,4.021018,1,
14837,3.5704892,-30.4236306,2.022995,1,
14856,3.5799187,-30.4236157,4.010483,1,
14889,3.5820103,-30.4238305,1.678168,1,
14891,3.5864538,-30.4234413,5.75862,1,
14973,3.5822524,-30.4235806,1.676337,1,
15021,3.5710576,-30.4234313,4.053062,1,
15022,3.5753919,-30.4236372,2.58897,4,2.58897
15032,3.5755757,-30.4243866,4.014528,2,4.014528
15088,3.5902477,-30.4230698,5.756719,1,
15135,3.5708296,-30.4230638,4.041323,1,
15156,3.5860421,-30.4228953,4.307017,2,4.307017
15194,3.6019991,-30.422764,5.013185,1,
15244,3.5678608,-30.4251176,0.92893,1,
15294,3.5945933,-30.4224921,6.835327,1,
15318,3.5642118,-30.4226906,1.043003,1,
15355,3.5771455,-30.4225458,4.58294,1,
15383,3.559698,-30.4220378,1.633823,1,
15443,3.6021811,-30.4225033,1.039226,1,
15469,3.5824205,-30.4237715,1.684525,1,
15485,3.5596798,-30.4219928,1.63152,1,
15505,3.6081972,-30.4220156,5.015055,1,
15547,3.606956,-30.4218452,4.574535,1,
15603,3.5987856,-30.4216507,6.742155,1,
15703,3.5674046,-30.4214257,4.340286,1,
15759,3.5899677,-30.421408,4.3058,1,
15786,3.5750306,-30.4211856,5.793325,1,
15791,3.5584583,-30.4215377,1.000614,1,
16018,3.5817213,-30.4207019,6.32523,1,
16140,3.5914642,-30.4213859,2.205557,2,2.205557
16147,3.5954992,-30.4213207,0.829879,1,
16166,3.5812001,-30.421072,2.508738,3,2.508738
16244,3.5689995,-30.4212614,2.41294,2,2.41294
16255,3.5966373,-30.4201781,4.277471,2,4.277471
16318,3.5579641,-30.4200619,6.333371,1,
16329,3.5606262,-30.4202961,5.549291,3,5.549291
16387,3.594815,-30.4206211,1.105181,1,
16409,3.6132258,-30.4201497,2.562452,1,
16518,3.5793563,-30.4196457,5.998702,1,
16522,3.6147532,-30.4208444,2.564344,1,
16525,3.5940099,-30.4197382,4.791403,1,
16551,3.5611951,-30.4198291,2.373447,2,2.373447
16563,3.5973298,-30.420322,2.580265,3,2.580265
16583,3.5808665,-30.4217898,0.830251,1,
16598,3.592209,-30.419447,6.125386,2,6.125386
16605,3.5730329,-30.4195502,5.760863,2,5.760863
16648,3.6028953,-30.4193571,4.722998,1,
16649,3.6086117,-30.4192875,4.556834,1,
16700,3.5636035,-30.4194431,2.581165,1,
16709,3.5846684,-30.4193306,4.307004,1,
16713,3.6027803,-30.4193558,4.724236,1,
16772,3.575987,-30.4190302,3.832418,1,
16774,3.5611375,-30.4193446,2.205928,2,2.205928
16778,3.6015034,-30.4192514,2.005633,1,
16791,3.5788491,-30.4190084,5.761229,1,
16807,3.5763224,-30.41908,6.755224,2,6.755224
16818,3.5734851,-30.4189715,4.702611,1,
16846,3.6025279,-30.4192226,6.229086,3,6.229086
16868,3.5645334,-30.4197407,2.583397,4,2.583397
16966,3.5634668,-30.4214576,0.499749,2,0.499749
16980,3.5734396,-30.4186807,4.701763,2,4.701763
16986,3.5987982,-30.4187332,4.316416,1,
17040,3.5822989,-30.420064,0.832562,1,
17060,3.6052238,-30.4185016,2.675448,2,2.675448
17074,3.6076824,-30.4196957,1.110649,1,
17082,3.5788989,-30.4182372,4.888742,1,
17104,3.6133321,-30.4184811,2.652125,1,
17216,3.6013023,-30.4194395,2.003261,1,
17234,3.6054152,-30.4183828,2.675554,1,
17286,3.5541718,-30.4176413,4.753403,1,
17289,3.6081038,-30.4179581,6.327873,2,6.327873
17299,3.566994,-30.4177341,4.689935,1,
17307,3.5887349,-30.4177872,4.790587,1,
17380,3.582232,-30.4178811,4.307572,1,
17391,3.5553771,-30.4175628,6.333964,2,6.333964
17398,3.6056036,-30.4181308,2.674391,3,2.674391
17467,3.570083,-30.417351,4.706579,1,
17484,3.575927,-30.4173853,4.080215,1,
17504,3.5702276,-30.4174344,4.703069,2,4.703069
17508,3.5846175,-30.4173087,4.477597,1,
17546,3.5632818,-30.418691,2.98024,1,
17573,3.5648705,-30.421288,0.499653,2,0.499653
17581,3.6167296,-30.4176842,2.561267,1,
17585,3.55578,-30.4168976,4.797583,1,
17650,3.6166791,-30.4173367,6.329506,1,
17792,3.562504,-30.4165407,5.548898,2,5.548898
17821,3.5619208,-30.4174716,2.293846,2,2.293846
17858,3.6231723,-30.4172825,1.103961,1,
17859,3.5733791,-30.4169269,2.980261,2,2.980261
17882,3.5601744,-30.4167275,4.008115,1,
17891,3.5733917,-30.4161886,4.304261,1,
17937,3.5586601,-30.416909,2.851272,1,
18090,3.56217,-30.4163586,0.838857,1,
18146,3.5618396,-30.4163782,0.838192,1,
18175,3.5733755,-30.4160916,4.306106,1,
18191,3.5840968,-30.4168308,2.312871,3,2.312871
18243,3.5820601,-30.4157294,5.287282,1,
18254,3.597423,-30.4156758,4.703146,1,
18275,3.6031837,-30.4156711,3.946693,1,
18306,3.6031069,-30.4157419,3.948598,1,
18353,3.6019993,-30.4157232,4.777032,1,
18391,3.6132535,-30.4156094,2.610677,1,
18393,3.5919227,-30.4157446,2.060942,2,2.060942
18422,3.5937927,-30.4154217,6.58362,3,6.58362
18476,3.5887783,-30.4150576,6.634762,1,
18618,3.6133282,-30.4154229,2.609823,1,
18697,3.5659663,-30.4165332,0.832968,1,
18701,3.5592993,-30.4151354,2.328354,3,2.328354
18720,3.618356,-30.4144393,6.878847,2,6.878847
18743,3.6183121,-30.4144979,6.877988,2,6.877988
18775,3.5770147,-30.4142935,4.568607,1,
18807,3.5521527,-30.4143852,5.521511,1,
18849,3.5706327,-30.4146354,5.762158,2,5.762158
18880,3.5853359,-30.4152897,2.578675,1,
18906,3.5637011,-30.4141385,6.147737,1,
18947,3.5605664,-30.4144622,3.144404,2,3.144404
18986,3.5605299,-30.4161493,2.290884,3,2.290884
19006,3.5740668,-30.4146797,1.713441,1,
19052,3.561169,-30.4138035,5.789346,1,
19080,3.5822524,-30.4137288,4.020211,1,
19270,3.59293,-30.4133069,5.614318,2,5.614318
19336,3.5681849,-30.4136784,4.388808,1,
19355,3.5821818,-30.413061,5.515049,1,
19370,3.5823261,-30.4130537,5.530011,1,
19377,3.5725165,-30.4139087,0.832085,1,
19391,3.5997609,-30.4139148,1.76581,1,
19393,3.582764,-30.4131234,5.530414,1,
19409,3.5849936,-30.4130748,5.532024,2,5.532024
19434,3.6303124,-30.4128783,4.957185,1,
19531,3.5802485,-30.412864,4.018308,1,
19588,3.5952547,-30.4139403,0.7434,1,
19595,3.5768612,-30.4130441,2.845065,1,
19608,3.6162142,-30.4145606,3.055508,1,
19626,3.6001784,-30.41375,1.765993,1,
19657,3.5542458,-30.4135127,4.007862,1,
19866,3.6086163,-30.4145799,2.613391,2,2.613391
19876,3.6147259,-30.4120993,6.322755,2,6.322755
19886,3.5664017,-30.4146106,1.102754,1,
19905,3.6005555,-30.41217,4.018393,1,
19949,3.6124089,-30.4117234,6.320728,1,
20034,3.5581914,-30.4117431,1.050274,1,
20092,3.5680716,-30.4115102,5.524484,1,
20125,3.5551764,-30.4116376,6.189153,3,6.189153
20147,3.6124429,-30.4116731,6.325927,1,
20164,3.5879276,-30.4115864,5.280386,1,
20171,3.5585878,-30.4134605,2.631451,1,
20190,3.5743817,-30.4125533,4.725965,1,
20191,3.5678409,-30.4114226,5.524241,1,
20209,3.5741866,-30.4115872,4.388252,1,
20255,3.5682947,-30.4118218,2.449107,2,2.449107
20256,3.5676007,-30.4113458,4.341631,1,
20276,3.5784366,-30.4112459,3.808609,1,
20331,3.5706479,-30.4111906,5.547591,1,
20333,3.6006895,-30.4119114,4.017017,1,
20510,3.5687465,-30.4111801,2.494382,4,2.494382
20559,3.5934089,-30.4108212,3.779237,1,
20564,3.5782858,-30.4113028,3.808653,1,
20606,3.5937967,-30.4106983,3.779693,1,
20720,3.6140892,-30.4104497,6.323034,3,6.323034
20813,3.6030259,-30.4105365,6.585648,1,
20828,3.5601958,-30.4101758,5.766567,1,
20879,3.6078714,-30.4106133,4.755219,1,
20977,3.5637269,-30.4098793,4.351618,1,
21022,3.6092276,-30.4100547,5.544197,2,5.544197
21040,3.6180402,-30.4114141,2.381435,2,2.381435
21054,3.5581453,-30.40967,4.027446,1,
21077,3.5681074,-30.4096874,5.537385,1,
21092,3.5753067,-30.4096031,6.245427,1,
21096,3.5794356,-30.409933,2.577492,3,2.577492
21247,3.584585,-30.4097935,2.660152,3,2.660152
21356,3.6281943,-30.4097496,1.004369,1,
21360,3.6045437,-30.409348,6.32906,1,
21388,3.5864148,-30.4093415,2.016639,3,2.016639
21434,3.5766844,-30.4101621,1.648037,1,
21443,3.6068847,-30.4090931,0.916503,1,
21488,3.5707718,-30.4101692,2.744485,2,2.744485
21491,3.5965661,-30.4089705,5.281671,1,
21535,3.5527851,-30.4095576,1.590905,1,
21585,3.5693263,-30.4087051,4.042793,1,
21629,3.5690591,-30.4088639,5.052526,1,
21644,3.5834371,-30.4084794,4.906796,1,
21683,3.6229941,-30.4089437,1.046248,1,
21831,3.6164373,-30.4100362,2.561463,3,2.561463
21832,3.626375,-30.4090205,0.942134,2,0.942134
21859,3.550452,-30.4081098,4.027305,1,
22098,3.5567045,-30.4081921,2.41363,2,2.41363
22100,3.5740418,-30.4076718,4.390079,1,
22120,3.6082102,-30.4098551,1.345013,1,
22171,3.5940418,-30.4079819,2.017118,2,2.017118
22193,3.6192886,-30.4082568,2.996398,2,2.996398
22199,3.5515886,-30.4082125,2.290784,2,2.290784
22306,3.6021097,-30.4073319,6.470124,1,
22363,3.5693198,-30.4073852,6.626086,3,6.626086
22370,3.5699219,-30.4074341,5.413519,1,
22390,3.5677583,-30.4072712,3.981628,1,
22415,3.5743591,-30.4073344,4.084239,1,
22429,3.5822079,-30.4071139,5.655404,1,
22476,3.617293,-30.4069847,6.421027,1,
22486,3.6063692,-30.4072628,6.330617,2,6.330617
22516,3.6051973,-30.4070896,6.130448,1,
22555,3.5498676,-30.4070605,4.724885,1,
22589,3.5952128,-30.4073844,2.660147,2,2.660147
22599,3.6185821,-30.4071558,4.501127,1,
22639,3.6225457,-30.4067966,4.522985,1,
22664,3.6121395,-30.4069545,4.083408,1,
22694,3.6084559,-30.4069692,4.751788,1,
22777,3.5582817,-30.4063801,4.331726,1,
22783,3.6377819,-30.406464,4.976995,1,
22807,3.5997182,-30.4064527,1.09633,1,
22855,3.625202,-30.4092194,0.370849,1,
22865,3.5582296,-30.406369,4.329344,1,
22928,3.550838,-30.4065986,5.050602,1,
22945,3.6280831,-30.406321,4.630458,1,
22948,3.6080556,-30.4062738,6.583975,1,
22956,3.638026,-30.4073592,2.578952,2,2.578952
22979,3.5675457,-30.4062303,4.628879,1,
23000,3.6369628,-30.4063616,8.511574,1,
23041,3.6151591,-30.4060693,6.140306,1,
23229,3.5722145,-30.4068424,2.727496,1,
23241,3.5617661,-30.4059491,4.080129,1,
23354,3.6009237,-30.4055878,6.226677,1,
23374,3.6061534,-30.4054399,3.047888,2,3.047888
23399,3.5586742,-30.4053247,5.040536,1,
23408,3.5664023,-30.406469,2.353207,2,2.353207
23409,3.5547775,-30.4055163,4.273856,1,
23421,3.558594,-30.405449,5.047148,1,
23423,3.6124306,-30.4056616,6.333846,1,
23430,3.6188361,-30.4079529,0.617798,1,
23488,3.6095563,-30.4053511,6.321047,1,
23494,3.5497083,-30.4061298,1.60993,1,
23536,3.6124343,-30.4055419,6.324801,3,6.324801
23556,3.6112703,-30.4054005,6.324763,2,6.324763
23568,3.6123379,-30.4056952,6.324998,1,
23598,3.6017492,-30.4078361,1.096633,2,1.096633
23660,3.5596886,-30.4054005,3.979208,1,
23716,3.5747074,-30.4056144,2.576491,2,2.576491
23777,3.5659379,-30.4048488,6.650227,1,
23848,3.5587027,-30.4054181,5.050106,1,
23874,3.6198789,-30.4062166,0.960103,1,
23886,3.6090909,-30.4047337,5.458885,1,
23998,3.613,-30.4050685,3.058062,2,3.058062
24065,3.6062292,-30.4052788,3.048054,2,3.048054
24096,3.5804464,-30.4050218,6.871702,2,6.871702
24106,3.5531762,-30.4045242,4.770802,1,
24115,3.5683138,-30.404555,5.017016,1,
24123,3.5615844,-30.404324,4.334483,1,
24132,3.608706,-30.4046782,5.286883,1,
24135,3.5532104,-30.4043743,6.23871,1,
24158,3.5812683,-30.4041826,6.872393,1,
24267,3.5837031,-30.404079,4.753055,1,
24314,3.6018821,-30.4049887,4.33402,1,
24322,3.6339299,-30.4048204,2.009673,1,
24342,3.5761108,-30.4044632,5.658473,3,5.658473
24393,3.6000573,-30.4043649,5.281518,2,5.281518
24452,3.6010529,-30.4039748,6.325015,1,
24481,3.5598793,-30.403745,5.794686,2,5.794686
24529,3.6198177,-30.4043164,2.934883,2,2.934883
24568,3.5497317,-30.4042427,2.675895,2,2.675895
24587,3.6092347,-30.4035501,4.759065,1,
24610,3.5598171,-30.403707,5.792143,1,
24626,3.5687199,-30.4038992,6.113988,1,
24724,3.6091172,-30.4033372,4.739415,2,4.739415
24742,3.5700599,-30.4036884,5.538297,1,
24750,3.609272,-30.4032683,4.7524,1,
24754,3.6057523,-30.4036535,5.043851,1,
24762,3.5538402,-30.4039528,2.654105,1,
24779,3.5678171,-30.4036337,4.722676,1,
24805,3.6091464,-30.4032345,4.745888,1,
24867,3.5818468,-30.4031301,6.182954,1,
24895,3.5859296,-30.4031332,4.75218,1,
25068,3.621005,-30.402902,6.323282,1,
25111,3.6128286,-30.404967,3.052675,1,
25146,3.5653634,-30.4033445,2.174482,1,
25178,3.6325368,-30.4026265,6.363885,1,
25184,3.5510515,-30.4029947,4.751011,1,
25230,3.5450691,-30.4041227,0.779102,1,
25232,3.5732422,-30.4029546,3.778914,1,
25250,3.5537687,-30.4025609,4.274843,1,
25321,3.6092073,-30.4034272,4.752298,1,
25350,3.5538816,-30.4023072,4.274341,1,
25409,3.5451758,-30.4022557,5.910178,1,
25416,3.6095286,-30.4023177,4.084617,1,
25429,3.5445474,-30.4032195,1.08614,1,
25476,3.5538332,-30.4025793,4.27785,1,
25485,3.6186656,-30.4022553,6.11448,3,6.11448
25502,3.5462281,-30.4023664,2.6544,3,2.6544
25527,3.5509564,-30.402638,0.945056,1,
25531,3.6141416,-30.4025999,1.039593,1,
25540,3.552439,-30.4022575,3.965829,1,
25620,3.5686254,-30.4025082,2.579717,4,2.579717
25698,3.6302009,-30.4023537,1.039952,1,
25733,3.6187732,-30.4018041,4.967227,1,
25762,3.5458915,-30.4017698,0.752737,1,
25771,3.5603133,-30.4032892,0.944906,2,0.944906
25799,3.5522463,-30.4016248,5.655233,1,
25842,3.6188236,-30.4014963,4.959036,1,
25851,3.5504745,-30.4016006,2.650411,2,2.650411
25854,3.6115678,-30.4017651,6.667704,1,
25912,3.6203137,-30.4016371,6.326842,3,6.326842
25937,3.5982457,-30.4023016,2.661529,1,
25946,3.6190265,-30.4016206,4.966234,1,
25961,3.6188863,-30.4015547,4.965894,1,
25989,3.5766173,-30.4017981,3.979845,1,
25990,3.5985192,-30.4017721,2.017349,2,2.017349
25992,3.5874353,-30.4013483,6.87207,3,6.87207
26082,3.6229828,-30.4019786,1.867336,1,
26124,3.5452991,-30.4014964,5.773981,3,5.773981
26222,3.6251207,-30.4014176,2.494051,1,
26226,3.6117891,-30.401073,5.460886,1,
26240,3.5502599,-30.4011222,2.653869,1,
26332,3.6094305,-30.4015709,1.044227,1,
26343,3.559257,-30.4019204,0.945473,1,
26371,3.5506444,-30.4017176,2.659287,4,2.659287
26393,3.577256,-30.401611,2.583214,2,2.583214
26616,3.612512,-30.4005938,6.584555,3,6.584555
26622,3.6158204,-30.4009842,1.104594,1,
26638,3.5553553,-30.4001087,6.021875,1,
26676,3.564597,-30.4002065,4.609686,1,
26683,3.6093986,-30.4002564,2.669002,4,2.669002
26693,3.5805272,-30.4003969,4.959221,1,
26759,3.6198856,-30.4000418,6.227036,1,
26775,3.5428841,-30.4001011,3.962073,1,
26808,3.5533956,-30.3999697,0.685906,1,
26823,3.5550328,-30.3997509,5.790731,1,
26872,3.5465862,-30.3996771,0.762921,2,0.762921
26897,3.5400274,-30.399811,6.227992,2,6.227992
26902,3.6206071,-30.399951,6.343574,1,
26932,3.6094465,-30.4003738,2.675606,4,2.675606
26935,3.6329809,-30.3994667,6.128578,1,
26942,3.5406932,-30.3995416,2.982872,1,
26948,3.6219094,-30.4045889,1.068938,2,1.068938
26950,3.6219732,-30.4001715,2.40517,2,2.40517
26958,3.5991451,-30.3995674,4.908303,1,
26974,3.5689305,-30.4027924,2.583488,2,2.583488
26977,3.5607572,-30.399441,5.7766,1,
26980,3.5752497,-30.3995897,1.77275,1,
26987,3.6196588,-30.3994915,6.225871,1,
27021,3.5668548,-30.3995815,2.103448,1,
27044,3.5610994,-30.3993238,5.775133,3,5.775133
27051,3.5726083,-30.3992604,5.049264,1,
27075,3.5466974,-30.3997324,0.762846,2,0.762846
27095,3.6063323,-30.3992652,6.581859,1,
27108,3.5610854,-30.3992584,5.768642,2,5.768642
27109,3.5426126,-30.39992,3.96257,1,
27148,3.5561364,-30.3991613,4.398414,1,
27201,3.6189344,-30.3988921,6.352104,1,
27206,3.576634,-30.3989386,1.859994,1,
27260,3.5502615,-30.4014812,2.654145,3,2.654145
27343,3.6165801,-30.3987226,5.45815,1,
27356,3.5607918,-30.399622,0.847857,1,
27362,3.6216054,-30.3986672,5.303145,1,
27382,3.6144637,-30.39862,5.775273,1,
27397,3.6300374,-30.3992438,1.033215,1,
27415,3.5485657,-30.3989671,0.688507,1,
27422,3.5774694,-30.3995327,4.017131,1,
27439,3.5747711,-30.3989234,1.738432,1,
27440,3.5451357,-30.3985997,4.235397,1,
27453,3.5724583,-30.399265,5.051224,1,
27464,3.625092,-30.3984786,6.227453,1,
27511,3.5796649,-30.3986608,6.918751,1,
27519,3.5425116,-30.3983023,1.01397,1,
27671,3.6219098,-30.3987354,2.496051,2,2.496051
27673,3.580308,-30.3984318,4.484966,1,
27727,3.5554613,-30.3984318,2.287059,2,2.287059
27748,3.6062473,-30.3979846,2.289122,1,
27750,3.5853053,-30.397935,6.871953,1,
27799,3.5750766,-30.3996748,1.740568,1,
27800,3.5405434,-30.399543,2.984255,2,2.984255
27820,3.564121,-30.3984525,2.9826,1,
27828,3.568709,-30.3980978,2.655271,1,
27866,3.5683368,-30.3995058,2.582026,3,2.582026
27877,3.5822412,-30.3976824,4.960109,1,
27884,3.5823427,-30.397613,4.957028,1,
27889,3.6173814,-30.3979261,4.787388,1,
27935,3.6375377,-30.3975824,4.985915,1,
27941,3.6093891,-30.3983921,2.704502,1,
28024,3.5960152,-30.3989747,0.946137,1,
28032,3.6080166,-30.3977132,6.326,1,
28054,3.5824275,-30.3975497,4.958376,1,
28107,3.5490748,-30.3991654,0.687939,1,
28115,3.5486597,-30.398867,1.706482,1,
28130,3.5629605,-30.3975136,4.041741,1,
28164,3.6220684,-30.3972925,6.133918,2,6.133918
28192,3.5649177,-30.3971495,5.766628,1,
28194,3.6141221,-30.3991675,0.727282,2,0.727282
28207,3.5648259,-30.3971618,5.766133,1,
28269,3.5569243,-30.3969243,5.773146,1,
28301,3.5739797,-30.3982138,0.931548,1,
28312,3.5765188,-30.3990928,1.859973,1,
28362,3.6131374,-30.3970501,5.772647,3,5.772647
28397,3.565354,-30.3968971,4.6098,1,
28423,3.5682851,-30.3974734,2.582489,2,2.582489
28449,3.5451009,-30.3973725,0.891963,1,
28451,3.5608446,-30.3967765,4.769252,1,
28462,3.5412372,-30.397685,0.891884,1,
28576,3.6054236,-30.3965833,5.766888,2,5.766888
28652,3.6324497,-30.3975516,1.83985,1,
28659,3.548399,-30.3962819,6.233881,1,
28670,3.6207292,-30.3962326,6.142028,1,
28676,3.6200848,-30.396289,5.770766,2,5.770766
28738,3.6199261,-30.396178,5.768856,1,
28739,3.5441921,-30.3961529,4.050641,1,
28764,3.548487,-30.3962876,6.240448,3,6.240448
28843,3.6041741,-30.3971737,2.072976,2,2.072976
28854,3.5669378,-30.3961156,5.763184,2,5.763184
28884,3.6207388,-30.3961277,6.132915,3,6.132915
28888,3.5771805,-30.3959915,5.048604,1,
28913,3.5978251,-30.3959415,6.872088,3,6.872088
28930,3.5607919,-30.3957733,5.775374,1,
28986,3.5905268,-30.3955366,5.646073,1,
29039,3.5518615,-30.395632,5.050311,1,
29094,3.5604466,-30.3962165,2.933301,2,2.933301
29112,3.5468263,-30.3954301,5.776308,1,
29117,3.5527996,-30.3997439,0.673778,1,
29139,3.5533314,-30.3953011,0.686687,1,
29148,3.6234003,-30.3953954,6.691802,1,
29187,3.6113149,-30.3958279,0.305539,1,
29267,3.5531469,-30.3952509,6.816293,1,
29286,3.6099514,-30.3963389,0.295415,1,
29291,3.60711,-30.3956232,2.992307,2,2.992307
29327,3.5561113,-30.3952144,5.657935,1,
29333,3.5538455,-30.3954344,0.690825,1,
29357,3.5534315,-30.395936,2.354753,2,2.354753
29376,3.5618546,-30.3950894,5.774046,2,5.774046
29418,3.582957,-30.3952292,6.869651,1,
29449,3.574445,-30.3955857,2.471803,2,2.471803
29469,3.6112941,-30.3954239,0.309801,1,
29482,3.6113435,-30.3955831,0.310963,1,
29519,3.5619508,-30.3947338,5.02728,1,
29532,3.6110837,-30.3953769,0.310347,1,
29546,3.5590857,-30.3946771,4.042382,1,
29549,3.6016037,-30.3957715,0.944051,1,
29561,3.5581988,-30.3947001,3.981884,1,
29568,3.568379,-30.3946388,5.773627,1,
29579,3.5484649,-30.3946813,5.766749,1,
29599,3.5487522,-30.3946611,5.766877,1,
29600,3.5487089,-30.3947145,5.774693,1,
29601,3.5539036,-30.3955667,0.686944,2,0.686944
29626,3.5486522,-30.3947651,5.76764,1,
29638,3.5486928,-30.3946347,5.766538,1,
29648,3.5545956,-30.3947175,5.027746,2,5.027746
29656,3.6271866,-30.3944835,6.123354,1,
29697,3.5544954,-30.3947022,2.650189,1,
29701,3.590705,-30.3955425,5.656902,3,5.656902
29741,3.6119138,-30.3945964,5.768695,1,
29770,3.6175089,-30.3953485,4.577428,1,
29783,3.6218352,-30.394335,4.186704,1,
29815,3.626425,-30.3944933,2.286726,1,
29817,3.6111082,-30.3942557,4.982387,1,
29820,3.5682635,-30.3942773,4.912126,1,
29914,3.6204873,-30.394314,5.76691,1,
29935,3.600401,-30.3961372,0.945982,2,0.945982
29936,3.6175535,-30.395006,4.569216,4,4.569216
29958,3.6340164,-30.3942388,3.960386,1,
30032,3.6201269,-30.3941871,6.370356,1,
30041,3.6192152,-30.3944555,5.769364,1,
30073,3.5892074,-30.3938296,3.978192,1,
30094,3.5889698,-30.3938062,3.977274,1,
30101,3.5893697,-30.393844,3.978279,1,
30126,3.6175642,-30.3940331,2.439325,2,2.439325
30138,3.5886421,-30.3937638,3.977829,1,
30168,3.5651979,-30.3942635,5.771874,3,5.771874
30205,3.5452584,-30.3936956,3.98368,1,
30290,3.5887913,-30.3937822,3.97799,1,
30299,3.5534397,-30.3953867,0.687206,1,
30303,3.5639187,-30.3935923,4.042136,1,
30331,3.5370484,-30.3941222,2.658622,2,2.658622
30338,3.5486163,-30.3934556,4.749993,1,
30350,3.59475,-30.3971456,0.94407,1,
30352,3.624462,-30.3936459,3.81932,1,
30360,3.5957963,-30.3933484,6.869276,1,
30390,3.6174887,-30.393919,2.431906,2,2.431906
30411,3.5414949,-30.3934582,6.235236,3,6.235236
30449,3.5635433,-30.3934943,5.77276,2,5.77276
30468,3.5510267,-30.3941964,1.006589,2,1.006589
30483,3.5678664,-30.393233,3.787248,1,
30513,3.5696679,-30.3932846,4.911897,1,
30517,3.6297155,-30.3936098,3.955723,1,
30545,3.5558976,-30.3938088,2.016112,2,2.016112
30683,3.5342528,-30.36551,2.285825,2,2.285825
30783,3.5980002,-30.3561363,4.337544,1,
30805,3.5977373,-30.3561786,4.336099,1,
30848,3.5441408,-30.3562382,4.470725,1,
30888,3.5905888,-30.3653542,6.771243,1,
30896,3.5232016,-30.3629247,2.584978,2,2.584978
30902,3.6104634,-30.3653809,4.707476,1,
31084,3.5201504,-30.3651364,4.515375,1,
31197,3.5914189,-30.3659307,1.863015,1,
31209,3.5477235,-30.3660817,4.040273,1,
31211,3.5478604,-30.3662699,3.897636,3,3.897636
31316,3.5621475,-30.3658791,5.925396,2,5.925396
31334,3.6026395,-30.3660184,5.663449,1,
31348,3.5185902,-30.3662164,5.033353,1,
31349,3.5184471,-30.3663819,5.033946,1,
31433,3.5265686,-30.3662549,5.031409,1,
31513,3.5230309,-30.3663011,0.689116,1,
31522,3.5822511,-30.3664995,2.394931,4,2.394931
31589,3.6061024,-30.3676223,4.699503,1,
31617,3.6001174,-30.3658151,6.772524,1,
31625,3.5233928,-30.366632,5.028837,1,
31643,3.6074889,-30.3668847,2.15239,2,2.15239
31673,3.5609173,-30.3666553,2.313594,2,2.313594
31695,3.5483059,-30.3651988,3.89892,1,
31890,3.5766446,-30.3657939,5.016489,1,
31892,3.590573,-30.366773,3.787318,1,
31996,3.5583799,-30.3668361,4.798002,1,
32029,3.5559874,-30.3670226,2.984202,2,2.984202
32030,3.5559711,-30.3671758,2.98529,2,2.98529
32045,3.6129516,-30.366944,3.895079,1,
32084,3.5822721,-30.3670381,4.312001,1,
32134,3.5909697,-30.3671439,2.673422,3,2.673422
32174,3.6119426,-30.3671726,4.890148,1,
32219,3.6102636,-30.3674651,2.328015,3,2.328015
32250,3.5946384,-30.3664034,3.875884,1,
32370,3.5185734,-30.36792,4.45032,1,
32410,3.5430549,-30.3681017,2.575652,4,2.575652
32412,3.5431905,-30.3678926,2.585935,4,2.585935
32458,3.5926995,-30.3662879,6.825466,1,
32469,3.6082029,-30.3679539,0.691223,1,
32471,3.6158001,-30.367755,0.873295,1,
32493,3.5911308,-30.3676534,4.026132,1,
32500,3.5912437,-30.3678209,6.370623,2,6.370623
32513,3.5428472,-30.3679154,0.752463,1,
32616,3.5716584,-30.3677313,4.191153,1,
32805,3.5231411,-30.3686022,2.388129,1,
32817,3.5990686,-30.3683911,2.674352,2,2.674352
32827,3.579819,-30.3682245,4.308411,1,
32898,3.525148,-30.3684933,2.021186,1,
32921,3.5778581,-30.3683353,1.006899,2,1.006899
32938,3.5980892,-30.3683575,2.324174,2,2.324174
32962,3.5880931,-30.3682417,4.515586,1,
32982,3.6114447,-30.368372,5.626298,1,
32993,3.5887985,-30.3682864,5.020086,2,5.020086
33098,3.5374803,-30.3693709,0.823376,1,
33163,3.5823749,-30.3693611,4.224405,1,
33179,3.5810626,-30.3680647,1.855514,1,
33278,3.5559705,-30.3687143,5.936243,1,
33282,3.6060034,-30.3688862,2.326676,3,2.326676
33323,3.5955532,-30.3687702,6.300796,1,
33331,3.5922456,-30.3687804,4.797453,1,
33366,3.543092,-30.369107,2.540656,2,2.540656
33428,3.5616547,-30.3689368,4.332012,1,
33470,3.5926691,-30.3690854,2.562424,4,2.562424
33519,3.5725983,-30.369263,2.489447,3,2.489447
33520,3.5726299,-30.3693065,2.485862,2,2.485862
33548,3.5509127,-30.3698672,3.746329,1,
33686,3.5815667,-30.3691648,3.783053,1,
33723,3.610568,-30.3696316,0.961199,3,0.961199
33746,3.5371089,-30.3690611,0.824996,1,
33749,3.6016329,-30.3692421,4.754336,1,
33764,3.6015025,-30.3692733,4.755578,1,
33833,3.6166937,-30.3696131,2.330344,3,2.330344
33871,3.5832333,-30.3694552,3.782282,1,
33892,3.5550442,-30.3696547,2.406856,2,2.406856
33918,3.5578881,-30.370173,4.797271,1,
33976,3.5557534,-30.3696065,0.733311,1,
34016,3.6048048,-30.3698709,4.701972,1,
34070,3.6065491,-30.3696267,4.965427,1,
34322,3.5795968,-30.370291,4.480515,1,
34361,3.6107514,-30.3689432,0.959367,1,
34362,3.6105743,-30.3695317,0.960634,3,0.960634
34380,3.5902047,-30.3654759,2.654764,3,2.654764
34403,3.5781489,-30.3702128,1.007096,1,
34629,3.5864952,-30.3703856,3.782018,3,3.782018
34690,3.5978696,-30.3706461,2.326622,4,2.326622
34715,3.6006026,-30.3627179,2.494586,2,2.494586
34756,3.5350831,-30.3707826,5.605453,3,5.605453
34776,3.5855914,-30.371162,3.782124,1,
34806,3.5213225,-30.3706659,3.983222,1,
34891,3.6036207,-30.3706927,6.370393,3,6.370393
34927,3.5808857,-30.3707669,4.30735,1,
34928,3.580884,-30.3710156,4.307243,1,
35227,3.5403528,-30.3725155,2.586759,1,
35244,3.595253,-30.3713107,2.560184,2,2.560184
35245,3.5954375,-30.3712624,2.561602,3,2.561602
35252,3.523741,-30.3714479,2.387754,4,2.387754
35292,3.6046153,-30.3711516,6.367926,3,6.367926
35293,3.6047378,-30.371149,6.37068,1,
35383,3.5531358,-30.3711456,2.434822,2,2.434822
35395,3.5651263,-30.3712936,4.332188,1,
35406,3.5290879,-30.3713329,1.929604,1,
35436,3.5961433,-30.371376,5.781303,2,5.781303
35560,3.5633314,-30.370052,1.864249,1,
35575,3.5634921,-30.3701104,1.86382,2,1.86382
35607,3.5674352,-30.3716484,2.385137,1,
35668,3.5826596,-30.371621,4.514495,1,
35785,3.6152095,-30.3718254,4.888154,1,
36031,3.5236055,-30.3726401,3.985472,1,
36107,3.5940214,-30.3723444,2.843152,2,2.843152
36125,3.5985709,-30.3726454,3.785439,3,3.785439
36233,3.6126111,-30.3723066,4.294196,1,
36302,3.5803412,-30.3724284,2.469746,1,
36340,3.5963612,-30.3726404,2.645731,1,
36344,3.5964957,-30.3735989,2.644627,4,2.644627
36392,3.5237569,-30.3725737,3.973671,2,3.973671
36506,3.5937797,-30.3726864,6.716054,1,
36531,3.6039016,-30.37272,4.478008,1,
36561,3.5850009,-30.3728848,2.412751,2,2.412751
36571,3.6166111,-30.3727891,6.097867,2,6.097867
36611,3.5798835,-30.3729179,6.37214,2,6.37214
36629,3.5672694,-30.3741174,5.280054,1,
36660,3.5238519,-30.3729133,5.731743,1,
36747,3.5789818,-30.3728077,4.303714,1,
36751,3.6088771,-30.3731803,3.961314,4,3.961314
36798,3.5895274,-30.3731453,4.273586,1,
36953,3.5244459,-30.3737335,1.358031,1,
36993,3.5533093,-30.3732726,0.819775,1,
37022,3.5250136,-30.3747696,3.983056,1,
37067,3.5298806,-30.3735604,4.268235,1,
37068,3.5298571,-30.3737526,3.947996,1,
37269,3.5521315,-30.3744121,2.175373,1,
37377,3.6089689,-30.3737715,3.965052,1,
37426,3.5581939,-30.3745008,2.407846,2,2.407846
37431,3.6068971,-30.3731913,4.464563,1,
37474,3.605812,-30.3739098,6.363369,3,6.363369
37494,3.6189018,-30.373953,4.081948,1,
37507,3.5749383,-30.3740013,5.929174,3,5.929174
37609,3.5991647,-30.3740529,2.084919,1,
37610,3.5990346,-30.3742003,2.085401,1,
37663,3.5210013,-30.3741848,3.889769,1,
37715,3.6206589,-30.3742662,5.625434,1,
37786,3.5794206,-30.3743701,1.862239,2,1.862239
37816,3.6012773,-30.3745731,2.417347,4,2.417347
37824,3.5303322,-30.3743165,4.47313,1,
37871,3.5996177,-30.3746984,2.083354,3,2.083354
37887,3.5328804,-30.3750187,3.981064,1,
38094,3.5820273,-30.3751695,1.864847,2,1.864847
38113,3.6121962,-30.3746529,4.981332,1,
38159,3.6150171,-30.3747607,4.029172,1,
38179,3.540159,-30.3753111,2.587148,3,2.587148
38181,3.5403052,-30.3748542,2.585874,3,2.585874
38182,3.5405336,-30.3748357,2.586412,3,2.586412
38183,3.5404458,-30.3750641,2.57158,3,2.57158
38204,3.5908996,-30.374716,5.780345,3,5.780345
38271,3.6101087,-30.3747582,6.346158,1,
38279,3.5624168,-30.3748632,2.983219,2,2.983219
38280,3.5625942,-30.3750405,2.982099,1,
38282,3.5620318,-30.3750754,2.984273,2,2.984273
38286,3.5386097,-30.3748479,1.555794,1,
38329,3.570621,-30.3748048,4.311559,1,
38408,3.5294571,-30.3752055,0.857407,1,
38431,3.622083,-30.3749614,6.12831,1,
38537,3.5825986,-30.3751211,6.248252,3,6.248252
38789,3.5579784,-30.3771308,2.578931,4,2.578931
38792,3.5572091,-30.3783445,2.582362,2,2.582362
38842,3.5801572,-30.3755163,5.043826,1,
38844,3.5999151,-30.3755151,4.339355,1,
38982,3.563214,-30.3756691,6.236149,1,
39018,3.6051565,-30.3757011,3.96292,1,
39051,3.5786491,-30.3760702,2.487307,4,2.487307
39121,3.619451,-30.3761447,4.309846,2,4.309846
39196,3.5692635,-30.3764321,6.13821,3,6.13821
39307,3.6114784,-30.3761559,5.62468,1,
39309,3.6110948,-30.3765804,1.929057,2,1.929057
39353,3.5962483,-30.3764495,0.687992,3,0.687992
39354,3.5968857,-30.3765816,0.261442,1,
39355,3.5968904,-30.3767387,0.262133,1,
39372,3.567758,-30.3761243,4.305627,1,
39373,3.567715,-30.3761802,4.305368,1,
39374,3.5676181,-30.3762251,4.304687,1,
39391,3.5803605,-30.3764127,4.306278,1,
39398,3.5794396,-30.3761489,4.317109,1,
39692,3.5276649,-30.3766095,4.568747,1,
39716,3.5864098,-30.3766553,4.293794,1,
39717,3.5862752,-30.376733,4.29418,1,
39774,3.6016663,-30.3769879,3.964025,2,3.964025
39775,3.6020482,-30.3776762,0.307943,1,
39810,3.5406384,-30.3771855,1.885565,1,
39823,3.5919853,-30.3769886,0.261645,1,
39921,3.582466,-30.3771741,4.305513,4,4.305513
39947,3.6049374,-30.3769633,4.465421,1,
39987,3.6055337,-30.3771283,3.958919,1,
39988,3.6054791,-30.3772096,3.960823,1,
40014,3.571345,-30.3770743,5.651096,3,5.651096
40026,3.5959214,-30.3770594,6.098271,1,
40162,3.6080736,-30.3775019,0.960323,1,
40207,3.5325062,-30.3776591,1.862888,2,1.862888
40228,3.5378666,-30.3774092,3.964228,1,
40292,3.6094399,-30.37749,4.178652,1,
40301,3.6084558,-30.3775494,0.959492,1,
40302,3.6090253,-30.3775143,4.908108,1,
40334,3.6143641,-30.3775595,4.01397,1,
40433,3.5886776,-30.377235,0.300593,1,
40448,3.6238412,-30.3777234,5.632196,1,
40515,3.5694364,-30.3778896,6.237168,1,
40662,3.5906061,-30.3782766,3.962103,1,
40663,3.5908852,-30.3781356,0.687707,1,
40668,3.5657712,-30.3782192,2.341413,3,2.341413
40670,3.5662996,-30.3784254,2.343675,3,2.343675
40672,3.5666619,-30.3785478,2.342374,3,2.342374
40765,3.5755327,-30.3786511,4.294767,1,
40769,3.5835484,-30.3784399,4.428861,1,
40778,3.5760674,-30.3790106,2.416833,2,2.416833
40789,3.5892133,-30.3781888,4.980364,1,
40815,3.543194,-30.3780358,3.967073,1,
40853,3.6153838,-30.3783536,2.491881,2,2.491881
40866,3.6093628,-30.3786537,0.306217,1,
40867,3.6095728,-30.3787584,0.305821,1,
40923,3.5504334,-30.3787488,2.384803,4,2.384803
40932,3.6070586,-30.3784207,4.518955,1,
40962,3.5844371,-30.3788467,2.327586,4,2.327586
40971,3.576989,-30.379465,0.497209,1,
41051,3.5310653,-30.3810935,6.203817,2,6.203817
41084,3.5780691,-30.3786529,6.826508,2,6.826508
41097,3.5687749,-30.3789753,5.279721,1,
41103,3.570246,-30.3786568,4.963159,1,
41105,3.5807135,-30.3786936,5.643769,1,
41150,3.528203,-30.3787248,3.984795,1,
41151,3.5295167,-30.3787037,5.729587,1,
41171,3.5583078,-30.3761679,2.578023,5,2.578023
41300,3.5695088,-30.3791816,2.593122,2,2.593122
41313,3.5702432,-30.3792664,4.039935,1,
41324,3.5424453,-30.3793201,2.31321,4,2.31321
41351,3.567717,-30.3790814,5.985598,3,5.985598
41432,3.5870922,-30.3790949,5.652707,1,
41477,3.6013422,-30.3791993,7.880376,1,
41505,3.5769209,-30.378502,2.411149,2,2.411149
41565,3.591394,-30.379795,2.729579,4,2.729579
41578,3.5284446,-30.3794971,3.968077,1,
41604,3.5907153,-30.3795628,5.652205,2,5.652205
41605,3.5906462,-30.3793888,5.650364,2,5.650364
41608,3.5907363,-30.3793976,5.652366,2,5.652366
41692,3.5805042,-30.3794413,6.110701,1,
41737,3.56702,-30.3797193,6.239806,1,
41799,3.5951197,-30.3811158,7.883064,1,
41926,3.5324739,-30.3801451,4.026045,1,
41928,3.5328706,-30.3798751,6.203315,2,6.203315
41941,3.556423,-30.3803748,0.688498,1,
41973,3.6249348,-30.3799844,4.326946,1,
41992,3.5566422,-30.3803053,0.687911,1,
42005,3.5540729,-30.3798791,3.980358,1,
42087,3.6103618,-30.3801885,1.887275,1,
42137,3.5436472,-30.3802872,2.558156,3,2.558156
42138,3.5438699,-30.380492,2.557551,2,2.557551
42146,3.5728287,-30.3800271,5.985319,1,
42153,3.5920971,-30.3804722,2.645384,2,2.645384
42178,3.5328945,-30.3797759,6.205238,2,6.205238
42198,3.5535334,-30.3801514,3.981064,1,
42249,3.5733943,-30.3807478,1.758569,1,
42268,3.5761079,-30.3806326,3.783032,2,3.783032
42269,3.5761004,-30.3807341,3.780994,3,3.780994
42272,3.6045148,-30.3804437,7.877128,1,
42300,3.5816894,-30.3801868,2.326194,3,2.326194
42348,3.5383568,-30.3803287,3.961897,1,
42386,3.5707474,-30.3804183,4.306912,1,
42389,3.5702865,-30.380758,4.306739,4,4.306739
42390,3.570165,-30.3807254,4.305396,1,
42414,3.5761416,-30.3805231,3.784647,1,
42511,3.6060863,-30.3801665,2.705683,2,2.705683
42528,3.5859042,-30.380678,1.862927,1,
42549,3.542814,-30.3806464,5.791849,3,5.791849
42616,3.5559941,-30.3808391,2.432579,1,
42652,3.5362202,-30.3815176,2.343914,4,2.343914
42654,3.5363409,-30.3812274,2.345014,4,2.345014
42679,3.5321914,-30.3807795,3.980905,1,
42721,3.5319889,-30.3808711,4.293707,1,
42723,3.55177,-30.3808804,4.955075,1,
42724,3.551717,-30.3809328,4.952571,1,
42748,3.5778496,-30.3811809,3.378765,1,
42755,3.5559212,-30.3809387,2.433714,2,2.433714
42834,3.5353044,-30.3810101,5.655844,1,
42858,3.6128799,-30.3808787,5.617765,1,
42879,3.5514902,-30.38111,4.952726,1,
42885,3.575547,-30.3810852,5.261887,1,
42906,3.5797528,-30.3811261,5.769477,1,
42992,3.5523294,-30.3813488,3.979288,1,
43011,3.5940505,-30.3816202,0.993074,1,
43018,3.5921588,-30.3817561,1.345517,1,
43041,3.5478984,-30.3819628,4.516283,1,
43054,3.5850129,-30.3817969,3.058208,2,3.058208
43110,3.5658363,-30.3815253,4.304455,1,
43144,3.5910953,-30.3816883,1.887179,3,1.887179
43163,3.5333855,-30.3816167,4.269636,1,
43191,3.622595,-30.3816536,6.22797,3,6.22797
43192,3.6225633,-30.381804,6.23941,1,
43210,3.5747796,-30.381651,3.784558,1,
43212,3.579205,-30.3816469,4.426831,1,
43225,3.6173005,-30.3819085,5.651231,2,5.651231
43268,3.5752212,-30.3817326,5.660521,1,
43327,3.5336045,-30.3820895,2.341918,4,2.341918
43375,3.5424806,-30.384028,3.96599,1,
43408,3.5773203,-30.3818743,3.961823,1,
43429,3.5403888,-30.3822264,4.285374,1,
43433,3.6225667,-30.3819058,6.228972,1,
43495,3.5859315,-30.3821097,3.059023,2,3.059023
43499,3.6174649,-30.3820465,5.664359,1,
43520,3.5778597,-30.3820772,4.426172,1,
43542,3.6083025,-30.3823482,1.608798,1,
43559,3.6038409,-30.3822444,7.872357,1,
43589,3.5928151,-30.3822361,4.980751,1,
43669,3.5309236,-30.3825568,3.982082,1,
43674,3.5497247,-30.3827481,2.581944,2,2.581944
43728,3.5719579,-30.382985,1.672939,1,
43733,3.6216333,-30.3823132,4.618272,1,
43806,3.5770156,-30.3825575,5.77137,1,
43842,3.5573368,-30.3828775,4.333367,1,
43874,3.610864,-30.3827443,0.962538,1,
43945,3.595689,-30.382746,6.564388,1,
43950,3.5600018,-30.3828565,5.653934,3,5.653934
43960,3.5727079,-30.3830088,5.283387,1,
43980,3.5318688,-30.3829144,1.609104,1,
44002,3.6157053,-30.3831866,6.403427,2,6.403427
44152,3.5873322,-30.3830336,4.717586,1,
44182,3.6189374,-30.3831158,5.653039,1,
44199,3.5627381,-30.3831318,6.818608,2,6.818608
44423,3.56932,-30.3842267,0.301608,1,
44434,3.5701907,-30.3837226,1.862613,1,
44443,3.6034064,-30.3832067,5.99411,2,5.99411
44527,3.5536484,-30.3836077,4.45823,1,
44544,3.5500028,-30.3838478,5.935865,1,
44545,3.5497416,-30.3838856,1.589072,1,
44573,3.6097605,-30.3837227,6.331038,1,
44594,3.5566633,-30.3841038,2.581156,5,2.581156
44664,3.6020876,-30.3842841,2.670003,1,
44828,3.622029,-30.3856664,5.650336,1,
44829,3.6222055,-30.3858943,5.677094,1,
44861,3.6029038,-30.3841347,4.304966,1,
44877,3.6246019,-30.3842049,5.652697,2,5.652697
44920,3.6236456,-30.3842723,5.651069,3,5.651069
44932,3.5412493,-30.3846273,3.962059,3,3.962059
44940,3.5621024,-30.3844097,3.979567,1,
45025,3.5947485,-30.3844351,5.608022,2,5.608022
45074,3.5753822,-30.3848567,2.494447,3,2.494447
45111,3.6200777,-30.3846219,2.492249,1,
45130,3.6142746,-30.385039,1.499615,1,
45273,3.541431,-30.38479,3.961856,1,
45278,3.6078832,-30.385096,2.473286,1,
45284,3.550648,-30.3851629,6.748555,1,
45327,3.5530609,-30.3850518,4.746578,1,
45356,3.619399,-30.3850642,2.577673,1,
45364,3.6089886,-30.3852675,5.721506,2,5.721506
45379,3.6175713,-30.385116,4.569863,1,
45407,3.5363457,-30.3853741,2.310264,2,2.310264
45408,3.5591778,-30.3852138,1.885439,3,1.885439
45418,3.6043771,-30.3849447,0.293691,1,
45437,3.564971,-30.3853749,2.675042,3,2.675042
45438,3.5650022,-30.3854611,2.678231,2,2.678231
45483,3.5825007,-30.3854591,3.054019,2,3.054019
45540,3.547501,-30.3853592,4.397451,1,
45603,3.5541039,-30.3854688,5.771164,1,
45620,3.610013,-30.3857622,5.767757,1,
45621,3.61025,-30.385587,5.769101,3,5.769101
45622,3.6101146,-30.3857166,5.769787,1,
45698,3.616263,-30.3856681,4.570125,1,
45699,3.6162406,-30.3857633,4.573573,1,
45747,3.5835021,-30.3857464,4.892501,1,
45750,3.5293132,-30.3857859,3.985935,1,
45811,3.5923017,-30.3859389,2.373228,1,
45826,3.5790588,-30.3859504,2.190244,2,2.190244
45897,3.539585,-30.386114,4.187415,1,
45900,3.5641137,-30.3863832,2.67584,3,2.67584
45910,3.5434279,-30.3873442,5.768727,1,
45912,3.5440364,-30.3861905,0.886742,1,
45917,3.544166,-30.3863699,0.892788,1,
45968,3.5557667,-30.3875125,5.761224,1,
45994,3.6140984,-30.3862334,6.22515,1,
46020,3.534679,-30.3872508,4.185279,1,
46081,3.5886412,-30.3862103,6.327948,1,
46175,3.5482473,-30.3867263,4.516248,1,
46176,3.5484625,-30.3866528,4.517212,1,
46188,3.5453027,-30.3864154,6.018234,1,
46189,3.5453809,-30.3864698,6.018535,1,
46235,3.6083102,-30.3868363,1.04571,1,
46252,3.6062066,-30.3866249,5.648481,2,5.648481
46257,3.5543751,-30.3865947,0.893598,1,
46272,3.6201857,-30.3867186,3.054962,2,3.054962
46348,3.5326782,-30.3871868,2.195994,1,
46349,3.5327231,-30.3873191,2.190329,1,
46350,3.5418462,-30.3846613,3.966169,1,
46419,3.5875329,-30.3868562,6.320278,1,
46466,3.6170766,-30.3856589,4.57034,2,4.57034
46467,3.5800644,-30.3870338,1.047352,1,
46573,3.5747845,-30.3870031,4.0328,1,
46586,3.6149302,-30.3870719,6.225348,2,6.225348
46601,3.5419573,-30.3847033,3.967079,1,
46676,3.604273,-30.3872361,4.696171,1,
46682,3.5409837,-30.3872743,5.657179,2,5.657179
46740,3.5988868,-30.3873293,6.568571,1,
46774,3.5596769,-30.3874088,4.751262,1,
46890,3.5823419,-30.3876576,4.797109,1,
46907,3.5797389,-30.3877758,2.327909,2,2.327909
46909,3.5800936,-30.387798,2.325972,4,2.325972
46962,3.6099117,-30.3878127,4.91074,1,
46963,3.6100038,-30.3879051,4.907952,2,4.907952
47002,3.5316229,-30.3879699,4.872145,1,
47003,3.5314312,-30.3878422,6.240779,1,
47004,3.5316399,-30.3878314,6.237982,1,
47031,3.604113,-30.3878615,2.851854,3,2.851854
47067,3.5875039,-30.3870138,6.324561,1,
47100,3.6081066,-30.3865771,1.036909,1,
47161,3.5385074,-30.3881284,0.830846,1,
47261,3.6083249,-30.3867111,1.045576,1,
47294,3.6168286,-30.3884023,4.569219,1,
47361,3.6078512,-30.3884536,1.045418,1,
47404,3.5783944,-30.3888272,1.166957,1,
47412,3.6258834,-30.3884423,4.980157,1,
47421,3.5700112,-30.3887486,3.785826,1,
47439,3.5619288,-30.3886766,4.307575,1,
47440,3.5618568,-30.3887736,4.304907,1,
47441,3.5619513,-30.3887444,4.302695,1,
47454,3.6143582,-30.3885102,6.575783,1,
47463,3.5447902,-30.3887808,1.688602,1,
47481,3.5703138,-30.3885649,3.788132,1,
47499,3.5744994,-30.3887421,4.709237,1,
47560,3.5871193,-30.3887661,4.293752,1,
47567,3.5714595,-30.3887988,4.398832,1,
47601,3.6150302,-30.3887303,6.219885,1,
47602,3.6149872,-30.3887697,6.219865,1,
47626,3.6208008,-30.3888132,4.570925,1,
47631,3.5438586,-30.3888098,5.574385,1,
47637,3.6065989,-30.3888656,4.696412,1,
47684,3.5698788,-30.3889132,3.786761,2,3.786761
47687,3.5486803,-30.3889949,5.654727,3,5.654727
47740,3.6274626,-30.3889721,4.882234,1,
47750,3.5332157,-30.3889968,4.237844,1,
47755,3.6271451,-30.3890762,4.881124,1,
47789,3.5580413,-30.389192,4.751045,1,
47790,3.5580286,-30.3892579,4.754035,1,
47791,3.558044,-30.3894387,4.752261,1,
47805,3.5538921,-30.3892415,4.966249,1,
47813,3.6022717,-30.3893023,2.476798,5,2.476798
47878,3.5440981,-30.3895512,0.891567,1,
47886,3.5350224,-30.3894214,4.56931,1,
47909,3.6202513,-30.3892661,5.769913,3,5.769913
47952,3.5580249,-30.3896141,4.752308,1,
47974,3.540774,-30.3894572,3.962706,1,
48002,3.596691,-30.38943,4.018614,1,
48034,3.5712295,-30.3897598,6.245015,1,
48125,3.612315,-30.3891907,0.960382,1,
48168,3.5649405,-30.3900491,0.29086,1,
48183,3.5352178,-30.3897023,6.33432,1,
48269,3.5679258,-30.389917,3.784957,1,
48294,3.5594359,-30.3900056,3.979767,1,
48295,3.5593252,-30.3899916,3.97645,1,
48301,3.5809319,-30.3907801,0.293139,1,
48377,3.5542205,-30.3903729,1.113595,2,1.113595
48405,3.5370331,-30.3903117,2.659598,2,2.659598
48409,3.5380729,-30.3906978,0.892138,1,
48487,3.6275918,-30.3903853,6.36582,2,6.36582
48495,3.59808,-30.3906076,0.992512,1,
48511,3.5867286,-30.3907751,2.206152,2,2.206152
48563,3.6132048,-30.390445,4.768279,1,
48597,3.5628427,-30.3906728,3.967327,1,
48620,3.599835,-30.3905995,2.313147,2,2.313147
48628,3.6109404,-30.3906952,4.909075,1,
48769,3.5508278,-30.3909871,0.833287,1,
48835,3.6132625,-30.3910978,1.88757,1,
48845,3.6031425,-30.3910572,2.188493,1,
48896,3.5849588,-30.3913558,4.017717,1,
48938,3.5636674,-30.3917426,0.242444,1,
48959,3.6288571,-30.3907996,4.326866,1,
49005,3.6196267,-30.3913164,4.910965,1,
49017,3.6275618,-30.3915089,1.602402,1,
49073,3.5620882,-30.3907886,1.105248,1,
49074,3.5931188,-30.3913775,4.30774,1,
49085,3.552409,-30.3917,1.114157,1,
49099,3.5679643,-30.3919274,5.815473,1,
49159,3.6102511,-30.3916334,4.695144,1,
49201,3.5441127,-30.3916683,4.775837,1,
49229,3.6182031,-30.3919437,0.770773,1,
49230,3.6183215,-30.3922566,4.569255,1,
49328,3.5649263,-30.3918322,4.026417,1,
49331,3.5549819,-30.390669,4.963144,1,
49430,3.6104883,-30.3920097,5.770987,2,5.770987
49439,3.5680814,-30.3928837,6.243537,2,6.243537
49443,3.5686246,-30.3922461,2.408704,3,2.408704
49445,3.5693383,-30.3921963,3.059128,1,
49533,3.5518663,-30.3922267,5.0504,1,
49567,3.6007418,-30.3922336,6.324676,1,
49568,3.6007938,-30.3923204,6.335465,1,
49588,3.552539,-30.3922277,4.402018,1,
49617,3.6093091,-30.3926144,4.695532,1,
49621,3.5896536,-30.3921084,4.015946,1,
49671,3.6118323,-30.3924587,2.29303,3,2.29303
49680,3.5357778,-30.3923201,6.445119,1,
49688,3.6187401,-30.3929255,0.295028,1,
49704,3.6271743,-30.3924746,1.478564,1,
49726,3.6216738,-30.3926808,1.045879,1,
49760,3.6204903,-30.3933347,0.446896,1,
49817,3.6132825,-30.3926029,5.770984,1,
49884,3.6021903,-30.3928012,4.372849,1,
50016,3.6035291,-30.3930849,4.908027,1,
50175,3.5999355,-30.393534,1.348573,1,
50317,3.6296387,-30.3937493,3.956567,2,3.956567
50494,3.6090677,-30.3930303,5.288491,1,
50785,3.5668261,-30.3948867,3.054681,1,
50869,3.6294377,-30.39485,1.60483,1,
55628,3.5769247,-30.3200057,2.499042,2,2.499042
56174,3.5786184,-30.3212056,2.453842,1,
56203,3.5648148,-30.3213127,2.670814,1,
56276,3.5734656,-30.3211403,1.115206,1,
56689,3.5729623,-30.3225872,2.503072,2,2.503072
56711,3.5649096,-30.3212501,2.670002,1,
56902,3.574775,-30.3217639,2.502237,1,
57057,3.5727981,-30.3225474,2.502687,1,
57886,3.5756098,-30.3170714,2.589352,1,
58138,3.5697975,-30.3253021,4.787552,1,
58250,3.570647,-30.3254958,4.790488,1,
58318,3.5700201,-30.3254418,4.789381,1,
58319,3.5699244,-30.3254494,4.771421,1,
58590,3.578786,-30.3260873,1.811541,1,
58667,3.5825091,-30.3262189,4.473047,1,
58959,3.5782095,-30.3267863,4.47219,1,
59321,3.5860831,-30.3275314,1.775167,1,
59356,3.5848174,-30.3275149,6.773998,1,
59452,3.5805449,-30.3277877,3.972153,1,
59462,3.5805916,-30.3278486,3.96418,1,
59491,3.5829854,-30.3276905,6.772677,1,
59753,3.5782343,-30.3293736,3.970755,1,
59808,3.587708,-30.3287464,5.860673,1,
59849,3.5818534,-30.3283819,5.274475,1,
59912,3.5754263,-30.3287671,4.472611,1,
59994,3.5868622,-30.328884,5.545547,1,
60057,3.5825737,-30.3287838,3.881813,1,
60081,3.577838,-30.329318,2.495535,2,2.495535
60158,3.577849,-30.3308717,3.971942,1,
60195,3.5785513,-30.3293841,3.97078,1,
60279,3.5723448,-30.3296358,4.028967,1,
60300,3.5848661,-30.3293955,2.503223,2,2.503223
60569,3.5763889,-30.330449,3.974039,1,
60586,3.5765336,-30.3303169,3.971083,1,
60624,3.5598011,-30.3313872,1.117698,1,
60627,3.5596779,-30.3310494,1.117111,1,
60640,3.5815035,-30.3307002,1.497744,1,
60792,3.5662704,-30.3306308,4.439673,1,
60811,3.5580634,-30.3310963,1.775703,1,
60873,3.5750645,-30.3313075,3.782444,1,
60900,3.5607493,-30.3313265,4.315403,1,
60981,3.5784963,-30.3310715,4.300065,1,
61086,3.5773382,-30.3314222,2.563195,2,2.563195
61093,3.5715573,-30.3328772,1.113843,2,1.113843
61102,3.5551932,-30.3315173,2.499593,1,
61152,3.5794763,-30.3310313,6.783116,1,
61235,3.5713901,-30.3316601,3.953142,1,
61513,3.5920419,-30.3322161,5.661436,1,
61520,3.5777559,-30.3317133,4.298538,1,
61525,3.5561575,-30.3331968,2.497314,2,2.497314
61635,3.5726355,-30.3331,0.845695,1,
61775,3.563766,-30.3328609,4.48231,1,
61989,3.5646399,-30.3328713,2.183916,1,
62004,3.5515323,-30.3344641,2.500143,2,2.500143
62024,3.565381,-30.3337143,2.184701,2,2.184701
62078,3.5517743,-30.3347398,2.486303,1,
62099,3.5519394,-30.3340932,2.498629,2,2.498629
62105,3.5515256,-30.3345714,2.496402,1,
62114,3.5687518,-30.3337359,6.191888,3,6.191888
62121,3.5613297,-30.3335151,2.30854,1,
62152,3.5516145,-30.3344578,2.498266,2,2.498266
62193,3.5777939,-30.3347176,0.35913,1,
62293,3.5889981,-30.3327203,2.46669,2,2.46669
62302,3.5747487,-30.3342549,3.780417,1,
62313,3.5747739,-30.3343268,3.774957,1,
62316,3.5809795,-30.3340543,2.111983,1,
62404,3.5477152,-30.3337019,4.866983,1,
62467,3.5668969,-30.3347554,4.442512,1,
62627,3.5889966,-30.334863,6.726191,1,
62710,3.5706169,-30.3353244,3.973006,1,
62718,3.5751236,-30.3351131,4.414286,1,
62721,3.5450281,-30.3351369,4.754763,1,
62724,3.5675463,-30.3350312,0.743278,1,
62748,3.5475321,-30.3355777,1.924794,1,
62801,3.5686721,-30.3361103,6.724231,1,
62897,3.5874056,-30.3351793,6.726227,1,
62938,3.5707672,-30.3347955,3.780302,1,
62952,3.5668738,-30.3359709,1.648782,1,
62957,3.5705314,-30.3347501,3.78072,1,
62975,3.5657352,-30.3359743,3.989818,3,3.989818
63133,3.5686872,-30.3361715,6.717753,1,
63339,3.5868678,-30.3367104,4.413136,1,
63350,3.5554293,-30.3366786,2.502354,2,2.502354
63433,3.5790228,-30.3364867,3.780589,1,
63451,3.5520781,-30.3374289,0.874026,1,
63483,3.5774454,-30.3369647,4.003687,1,
63494,3.5554534,-30.3367572,2.497302,1,
63497,3.5701246,-30.3367892,6.40475,1,
63502,3.5519249,-30.3374656,0.873705,1,
63575,3.5519742,-30.337373,0.876679,1,
63637,3.5817055,-30.3371061,4.113425,1,
63649,3.5707161,-30.3372022,4.624191,1,
63654,3.5780957,-30.3371906,3.885095,1,
63715,3.5861077,-30.3373429,5.62578,1,
63792,3.5880362,-30.3374699,3.784419,1,
63844,3.5868301,-30.3372134,2.293953,3,2.293953
63933,3.5795189,-30.3378273,3.872373,1,
63939,3.5841607,-30.3377014,5.895845,1,
63966,3.5739263,-30.3382565,1.757739,1,
64072,3.5392493,-30.3381908,0.973713,1,
64096,3.5723928,-30.3382023,6.771514,2,6.771514
64113,3.5534525,-30.3380726,0.873708,1,
64122,3.5655728,-30.338299,2.12216,1,
64151,3.5764511,-30.3382424,2.845291,1,
64183,3.572681,-30.3383051,6.776404,3,6.776404
64193,3.5733699,-30.339604,4.272189,1,
64208,3.5913559,-30.3383431,0.673596,1,
64350,3.5815635,-30.3387353,4.452923,1,
64399,3.5824231,-30.3392195,2.494823,5,2.494823
64470,3.5939742,-30.3385827,4.865547,1,
64487,3.565399,-30.3391541,3.973883,1,
64615,3.5701669,-30.33913,4.300413,1,
64617,3.5768351,-30.3391194,6.778586,1,
64719,3.5561371,-30.3390108,4.455321,1,
64745,3.5598101,-30.3395222,3.055718,2,3.055718
64750,3.588198,-30.3395166,2.658467,1,
64760,3.5893429,-30.3397016,4.477452,2,4.477452
64764,3.5894325,-30.3397527,4.471392,3,4.471392
64771,3.5597532,-30.3400245,3.053996,1,
64789,3.5895345,-30.3398859,4.469894,1,
64812,3.5714049,-30.3392613,4.414463,1,
64826,3.5836113,-30.3402416,0.602213,1,
64828,3.589275,-30.3396599,4.470631,2,4.470631
64927,3.5774517,-30.3397259,4.863512,1,
65118,3.5724922,-30.3391549,3.974849,1,
65143,3.5737205,-30.3391805,0.604813,1,
65163,3.5805706,-30.3399452,4.695023,1,
65203,3.5558953,-30.340157,3.903387,1,
65244,3.5241221,-30.3474446,2.656,1,
65293,3.5557658,-30.3403308,3.997074,1,
65350,3.5561832,-30.340346,6.41386,1,
65443,3.5853709,-30.3409343,1.864875,1,
65459,3.5777409,-30.3404257,4.305899,1,
65487,3.5806239,-30.341257,4.454262,2,4.454262
65509,3.5502496,-30.3408046,4.527115,1,
65516,3.5698312,-30.3389063,4.299405,1,
65518,3.5899238,-30.3409478,4.509665,1,
65584,3.5673684,-30.3410277,4.414159,1,
65593,3.5674792,-30.3410255,4.412469,1,
65600,3.567457,-30.3418377,1.83747,1,
65632,3.5574547,-30.3381735,6.781752,2,6.781752
65633,3.580867,-30.3417919,0.845888,2,0.845888
65638,3.579565,-30.3420491,4.466332,1,
65653,3.579989,-30.3410733,5.598911,1,
65678,3.5615083,-30.3406459,6.773939,1,
65682,3.5793399,-30.3419945,4.461624,1,
65710,3.5526773,-30.3411203,4.528841,1,
65715,3.5887997,-30.3400127,5.406471,2,5.406471
65820,3.5781489,-30.3415881,0.766803,2,0.766803
65858,3.5795589,-30.3412778,0.84537,1,
65860,3.5387448,-30.3418024,0.947531,1,
65900,3.5944131,-30.339822,1.922142,3,1.922142
65910,3.5584791,-30.3416499,4.293455,1,
65931,3.5724927,-30.3424582,1.837704,1,
65999,3.5629105,-30.3418504,4.417199,1,
66070,3.5834111,-30.3418463,3.782674,1,
66116,3.5687008,-30.341891,3.999452,1,
66178,3.5680613,-30.3434212,4.299687,1,
66302,3.5847922,-30.3422007,4.304488,1,
66314,3.5847165,-30.3422602,4.30504,1,
66381,3.5947641,-30.3424288,2.502634,1,
66461,3.546882,-30.3416091,6.698818,1,
66466,3.5483957,-30.3422767,6.030561,1,
66522,3.5720183,-30.3424977,4.473653,1,
66543,3.5847585,-30.3436286,4.462572,1,
66565,3.5990112,-30.3414785,3.781033,1,
66585,3.5939946,-30.3426025,5.521235,1,
66620,3.5880757,-30.3428021,1.754125,1,
66652,3.5859611,-30.3429243,2.385293,3,2.385293
66683,3.5741518,-30.3429271,4.471158,1,
66692,3.5579875,-30.3429482,4.489172,1,
66695,3.5579848,-30.3430735,4.479552,1,
66762,3.5435836,-30.3427478,6.697738,1,
66782,3.548091,-30.3423342,4.419001,1,
66838,3.5839798,-30.343309,4.303611,1,
66852,3.5840223,-30.3434082,6.185137,1,
66861,3.5975446,-30.3432337,4.8012,1,
66890,3.5837995,-30.3432456,4.311178,1,
66893,3.5630945,-30.3432886,4.750461,1,
66943,3.5619204,-30.343453,2.658358,4,2.658358
66951,3.5838433,-30.3433126,4.304369,1,
66954,3.5954043,-30.342844,0.497478,1,
66970,3.5768331,-30.3433664,4.464043,1,
67036,3.5551008,-30.3435519,4.086437,1,
67115,3.5852479,-30.3434791,4.461098,1,
67152,3.5854928,-30.3435658,4.461649,1,
67156,3.5326283,-30.3437636,0.927325,1,
67199,3.5846717,-30.3438319,4.463359,1,
67257,3.5752026,-30.3437417,2.099206,1,
67276,3.5606851,-30.3438196,3.95747,1,
67313,3.5817039,-30.3439122,4.455828,1,
67319,3.5820762,-30.3441124,5.329377,1,
67321,3.5939862,-30.3436133,0.892931,1,
67347,3.5821001,-30.3440236,0.693062,1,
67371,3.5820185,-30.3440349,5.340297,1,
67407,3.5822381,-30.344117,4.454539,1,
67421,3.5465768,-30.3441606,0.947979,1,
67475,3.5569254,-30.3441903,4.309415,2,4.309415
67495,3.553678,-30.3441332,5.783695,1,
67540,3.5819248,-30.3439831,5.348855,1,
67559,3.5568377,-30.3444997,4.301304,1,
67588,3.5307151,-30.3444562,4.695859,1,
67635,3.5911625,-30.3444198,1.110725,1,
67674,3.5852254,-30.3457021,3.054402,1,
67678,3.568312,-30.3454241,2.108881,1,
67704,3.5571661,-30.3455521,2.545124,1,
67780,3.5665145,-30.3360143,3.949662,1,
67818,3.5802808,-30.3449419,1.705477,1,
67825,3.5462714,-30.3452923,0.688297,1,
67857,3.5455805,-30.3450484,1.10343,1,
67957,3.5659204,-30.345705,1.032126,1,
67991,3.5526456,-30.3438405,2.582882,3,2.582882
67999,3.5695513,-30.3451622,4.75131,1,
68132,3.5593724,-30.3453726,4.412351,1,
68169,3.5572116,-30.3455576,2.547034,1,
68251,3.5864424,-30.3456041,3.898557,1,
68283,3.5396648,-30.3456719,4.023674,1,
68344,3.5817292,-30.3458726,3.974369,1,
68486,3.5968135,-30.3463447,4.307448,1,
68497,3.5569981,-30.3442659,4.29577,2,4.29577
68561,3.5360496,-30.3462148,2.544537,3,2.544537
68564,3.5595406,-30.347232,2.6561,2,2.6561
68572,3.5573558,-30.3461825,3.778766,1,
68630,3.558942,-30.3468608,2.557576,2,2.557576
68639,3.593071,-30.3463554,5.658964,1,
68701,3.59753,-30.3463839,2.502353,1,
68716,3.5449025,-30.3469153,0.725548,1,
68721,3.5449115,-30.3475144,0.717515,1,
68726,3.5414935,-30.3466002,0.751744,1,
68734,3.5686744,-30.3458912,0.778043,1,
68739,3.5931625,-30.3464758,5.643774,1,
68740,3.5819611,-30.3460873,3.978849,1,
68758,3.5441875,-30.3463645,6.007343,1,
68792,3.5609191,-30.3469145,4.268052,2,4.268052
68800,3.5988219,-30.3452898,2.324144,1,
68804,3.5668308,-30.3470958,0.827994,1,
68836,3.5447694,-30.3472416,0.725894,1,
68837,3.5615155,-30.3465191,0.908122,1,
68842,3.583973,-30.3462784,4.453484,1,
68849,3.5978961,-30.3467125,2.5028,4,2.5028
68869,3.5971802,-30.3466723,2.504822,2,2.504822
68875,3.552261,-30.3463937,2.670359,4,2.670359
68885,3.5352444,-30.3470288,0.950998,1,
68921,3.5204528,-30.346678,6.764623,1,
68927,3.5607764,-30.3467991,4.269705,1,
68931,3.589448,-30.3467665,3.213049,1,
68991,3.5608797,-30.3468205,4.271816,1,
68992,3.5290295,-30.3478369,0.939182,1,
69025,3.530661,-30.3470427,2.656554,1,
69040,3.5544238,-30.3476264,0.834536,1,
69063,3.5736694,-30.3467168,6.219727,2,6.219727
69087,3.5452483,-30.3470755,2.488962,1,
69090,3.5298644,-30.3477595,5.92957,1,
69136,3.5806507,-30.3476909,2.645076,3,2.645076
69162,3.564447,-30.3472526,4.456628,1,
69184,3.5546331,-30.347391,0.83528,1,
69248,3.546807,-30.3472396,4.183323,1,
69275,3.5969275,-30.344292,1.013744,2,1.013744
69290,3.5944418,-30.3474461,1.045336,1,
69303,3.5896773,-30.3477207,1.523103,1,
69330,3.563033,-30.3473667,6.779472,1,
69376,3.5995023,-30.3471196,0.893231,1,
69399,3.5568686,-30.3453783,6.035215,1,
69436,3.5507475,-30.3475501,3.996309,1,
69459,3.5648492,-30.3476298,4.299785,1,
69563,3.5609664,-30.3466599,4.278107,1,
69572,3.5434075,-30.3479846,0.775549,1,
69586,3.5381773,-30.3470022,2.654624,3,2.654624
69613,3.5555027,-30.3476785,1.797639,1,
69617,3.5963706,-30.3483148,0.28976,1,
69639,3.5761059,-30.3479861,6.723653,3,6.723653
69647,3.5666028,-30.346892,0.83514,1,
69687,3.5759382,-30.3480276,6.725972,1,
69688,3.5694372,-30.3482307,4.306919,1,
69719,3.5743611,-30.3477742,4.304133,1,
69738,3.531372,-30.3480916,6.029391,1,
69825,3.5231723,-30.3488945,4.355681,1,
69940,3.5386244,-30.3489578,4.965097,1,
69998,3.6008708,-30.3485587,4.692143,1,
70054,3.5504769,-30.3471385,3.996121,1,
70068,3.6007741,-30.3485805,4.701535,1,
70085,3.583505,-30.3483621,3.975167,1,
70091,3.5510248,-30.3486408,3.996198,1,
70109,3.5584948,-30.347845,2.560552,2,2.560552
70176,3.5575821,-30.3489507,2.411014,2,2.411014
70397,3.5872255,-30.3495008,4.453476,2,4.453476
70447,3.562027,-30.3468767,3.960907,1,
70668,3.552643,-30.3499824,5.604,1,
70784,3.5775716,-30.3487335,0.844185,2,0.844185
70811,3.5476697,-30.3493325,4.238306,2,4.238306
70883,3.5875646,-30.3497025,4.448041,1,
70897,3.5446538,-30.3499347,4.240182,1,
70927,3.5303458,-30.3501086,5.983254,2,5.983254
70999,3.5900747,-30.349943,1.92177,2,1.92177
71049,3.5487602,-30.350128,3.773005,1,
71074,3.5319714,-30.3504455,0.925838,2,0.925838
71096,3.5463132,-30.3501282,5.581203,1,
71189,3.5706711,-30.3496571,1.647811,1,
71286,3.5259882,-30.3506615,1.104422,1,
71396,3.5951433,-30.3506146,3.874213,1,
71416,3.5874467,-30.349652,4.453822,1,
71618,3.5358344,-30.3510968,5.926236,2,5.926236
71625,3.5963107,-30.353164,2.342613,3,2.342613
71652,3.5558763,-30.3513994,6.40947,1,
71692,3.5577931,-30.350929,4.513348,1,
71694,3.557134,-30.351139,4.860987,1,
71702,3.5193903,-30.3511513,5.025889,1,
71772,3.5261202,-30.3513126,5.919954,1,
71784,3.5903078,-30.3515748,1.920764,2,1.920764
71787,3.5886115,-30.3512281,4.027721,1,
71811,3.565581,-30.3512047,6.77669,2,6.77669
71861,3.5541484,-30.3518654,0.308068,1,
71949,3.5194186,-30.3515713,4.686691,1,
71954,3.596093,-30.348208,0.292262,1,
71962,3.5719316,-30.351683,4.304789,3,4.304789
71966,3.5641877,-30.349852,4.299572,1,
71988,3.5810173,-30.351628,4.743285,1,
72025,3.5818642,-30.3517866,2.242719,3,2.242719
72054,3.587642,-30.3519835,2.992212,2,2.992212
72066,3.5543307,-30.3515787,4.23142,1,
72112,3.5942618,-30.3516466,5.660374,1,
72130,3.5700241,-30.3525499,1.105215,1,
72144,3.5696929,-30.3522668,1.10473,1,
72185,3.5518384,-30.3520708,2.980342,1,
72207,3.5965503,-30.348209,0.293719,1,
72228,3.5370681,-30.3517827,0.303512,1,
72295,3.5580419,-30.3522063,3.881816,1,
72297,3.547677,-30.3521285,2.494325,2,2.494325
72309,3.5553843,-30.3521846,5.684445,1,
72324,3.5605117,-30.3512077,4.295463,1,
72358,3.5456527,-30.3509272,4.270123,1,
72463,3.5331489,-30.3524805,5.924523,1,
72525,3.5430354,-30.3525846,3.889267,1,
72533,3.5510781,-30.3520089,2.491952,4,2.491952
72559,3.5729876,-30.3548274,3.964627,1,
72579,3.5318999,-30.3524656,4.394216,1,
72629,3.546409,-30.3534597,2.497414,2,2.497414
72653,3.5910386,-30.3531544,0.872532,2,0.872532
72659,3.58729,-30.352717,4.494749,1,
72664,3.5920186,-30.3529235,2.383866,2,2.383866
72801,3.5482515,-30.3532922,2.493025,4,2.493025
72835,3.5491521,-30.3522474,2.489539,1,
72869,3.5714324,-30.3530359,4.737308,1,
73002,3.5903945,-30.3533723,4.473598,1,
73028,3.5682707,-30.3529725,0.46275,2,0.46275
73039,3.5316584,-30.3534939,5.281337,1,
73043,3.5703425,-30.3535935,3.892089,1,
73059,3.6023815,-30.3536284,1.009712,1,
73060,3.5698688,-30.3523851,1.111827,1,
73099,3.5537068,-30.3536227,2.410531,4,2.410531
73104,3.533995,-30.3533068,6.76676,1,
73113,3.5471179,-30.3537209,2.494814,2,2.494814
73129,3.5702675,-30.3535386,3.899123,1,
73156,3.5803715,-30.3544521,0.743886,2,0.743886
73189,3.5895444,-30.3537324,6.771648,2,6.771648
73190,3.5635007,-30.3537271,4.854381,1,
73218,3.5594798,-30.3536678,5.621441,1,
73300,3.5490949,-30.354691,1.646633,1,
73337,3.5699325,-30.3539521,0.413632,1,
73370,3.51987,-30.3541315,5.923237,1,
73413,3.5704544,-30.3536867,3.899728,1,
73479,3.5627414,-30.3541144,4.019126,1,
73525,3.5296742,-30.3544309,5.916306,1,
73616,3.5294091,-30.3544856,6.021844,1,
73618,3.5862778,-30.3543532,3.964954,1,
73665,3.5631461,-30.3546765,3.964295,1,
73688,3.5896412,-30.354643,5.711135,1,
73689,3.5574383,-30.3546344,3.776225,1,
73758,3.5986078,-30.3547774,2.323742,4,2.323742
73804,3.5426551,-30.3546302,4.47779,1,
73873,3.5938514,-30.3548329,4.3401,1,
73906,3.5332277,-30.3554467,6.681271,1,
73924,3.5476241,-30.3559007,2.186962,2,2.186962
73998,3.562557,-30.3552619,0.856846,1,
73999,3.5974154,-30.3550234,6.248446,2,6.248446
74003,3.5229696,-30.3551862,4.036571,1,
74049,3.5668522,-30.3539238,4.194916,1,
74138,3.5962495,-30.3550266,4.784622,1,
74178,3.5897583,-30.355301,3.962703,1,
74189,3.5894646,-30.3536865,6.773035,2,6.773035
74227,3.6069651,-30.355338,3.952392,1,
74237,3.555209,-30.3557655,3.962402,1,
74266,3.5938389,-30.3564624,0.708069,1,
74296,3.5534948,-30.3555813,4.364777,1,
74367,3.5938489,-30.3566278,0.707133,1,
74410,3.5546982,-30.3554526,3.961969,1,
74446,3.5472416,-30.3564117,2.188321,3,2.188321
74481,3.5924112,-30.3564445,2.996675,1,
74482,3.5926045,-30.3561394,2.384241,2,2.384241
74485,3.601798,-30.3558711,2.384826,2,2.384826
74486,3.5474535,-30.3560202,2.186993,3,2.186993
74496,3.5266289,-30.3560007,4.246265,1,
74501,3.5687231,-30.3561986,3.896681,1,
74516,3.5318335,-30.3560653,2.432983,1,
74579,3.5308254,-30.3559264,4.870292,1,
74673,3.5698166,-30.3563617,3.899736,1,
74680,3.5698009,-30.3564249,3.898728,1,
74742,3.5286108,-30.3564488,6.204137,1,
74798,3.5738109,-30.3568577,2.49457,2,2.49457
74986,3.6056229,-30.3568213,2.384139,1,
75051,3.5670272,-30.3564542,0.689457,1,
75095,3.566927,-30.3568992,0.689272,1,
75210,3.5616843,-30.3572417,0.777314,1,
75306,3.5207744,-30.357226,4.241626,1,
75350,3.5440389,-30.3573126,6.1235,1,
75431,3.5507722,-30.3576556,3.893706,1,
75456,3.6078377,-30.3576191,2.704249,2,2.704249
75570,3.5425665,-30.3576448,6.680381,1,
75641,3.5854203,-30.3580945,2.662009,1,
75643,3.5854577,-30.3581754,2.650466,1,
75694,3.5842047,-30.3577642,6.907468,1,
75722,3.5583965,-30.3559397,4.296604,1,
75731,3.5299722,-30.3581586,4.962696,1,
75734,3.5528857,-30.3589743,2.186679,1,
75753,3.5300081,-30.3580127,4.966444,1,
75773,3.5525991,-30.3587129,3.96377,1,
75775,3.5524517,-30.3587501,3.962947,1,
75788,3.5530849,-30.3583844,1.10417,1,
75789,3.5854407,-30.3582549,2.655071,2,2.655071
75796,3.5593004,-30.3582098,2.187962,2,2.187962
75805,3.553088,-30.3581653,1.105175,1,
75858,3.5524241,-30.3591505,3.960154,1,
75912,3.5222818,-30.3583586,5.025987,1,
75925,3.526043,-30.3581296,3.995064,1,
75975,3.5548839,-30.3581568,4.702541,1,
76003,3.5883447,-30.3583228,1.989872,2,1.989872
76012,3.5562944,-30.3584437,2.858427,1,
76037,3.5328224,-30.3587793,2.496875,4,2.496875
76041,3.532536,-30.3588824,2.49755,3,2.49755
76061,3.5305978,-30.3588095,2.493502,1,
76072,3.5477848,-30.3583096,4.797935,1,
76080,3.5304945,-30.3588654,2.492229,3,2.492229
76161,3.5242034,-30.3587013,4.688165,1,
76233,3.5241528,-30.3587739,4.684511,1,
76261,3.5322925,-30.3588758,2.49833,4,2.49833
76306,3.5597281,-30.3587575,5.796587,1,
76343,3.5557676,-30.3583647,1.854308,1,
76345,3.5623698,-30.3588093,0.675761,1,
76359,3.5868922,-30.3588923,3.963566,1,
76443,3.5909046,-30.3590932,2.32619,1,
76485,3.52026,-30.3592201,5.029864,1,
76494,3.5204794,-30.359184,5.02107,1,
76511,3.5203996,-30.3592123,5.025708,1,
76544,3.5204346,-30.3593773,5.02186,1,
76568,3.6079927,-30.359199,4.795003,1,
76592,3.5204122,-30.3593079,5.027821,1,
76621,3.6091338,-30.359217,4.710181,1,
76637,3.608194,-30.359323,4.796513,1,
76718,3.5589259,-30.3596667,4.263616,1,
76727,3.5512368,-30.3593878,3.997972,1,
76740,3.5564853,-30.3595811,6.721832,1,
76772,3.5928754,-30.3594606,3.896374,1,
76785,3.52368,-30.3591863,2.387277,2,2.387277
76792,3.6029162,-30.3596113,2.682275,2,2.682275
76815,3.5871559,-30.3597792,3.897314,1,
76816,3.513374,-30.3595243,4.312652,1,
76857,3.5588985,-30.3595521,4.269308,1,
76862,3.5573372,-30.3595669,5.926369,3,5.926369
76893,3.6000582,-30.3597258,4.4556,1,
76901,3.5571745,-30.359611,5.924912,2,5.924912
76934,3.5338819,-30.3597734,6.383431,1,
76982,3.6097548,-30.3603275,2.382317,2,2.382317
76997,3.59497,-30.3598451,3.963808,1,
77021,3.6080219,-30.3593817,4.792999,1,
77040,3.6022087,-30.3599972,3.893749,1,
77104,3.5603785,-30.3600074,4.037578,1,
77112,3.5428743,-30.3589789,3.961436,1,
77188,3.5925406,-30.3602926,3.96244,1,
77223,3.5291734,-30.3604906,1.608789,1,
77236,3.5884046,-30.360629,4.271424,2,4.271424
77239,3.5882497,-30.3604451,4.271325,1,
77266,3.5828335,-30.3602971,6.766292,1,
77349,3.6003328,-30.3606868,6.249601,3,6.249601
77350,3.5948069,-30.3604062,6.361824,3,6.361824
77396,3.5965597,-30.3604784,5.66293,2,5.66293
77399,3.5965103,-30.3605751,3.964552,1,
77447,3.5141689,-30.3605732,5.826168,1,
77541,3.5295027,-30.3611497,1.809285,1,
77546,3.548136,-30.3620234,1.856151,1,
77557,3.5211649,-30.3606629,1.529444,1,
77580,3.5924099,-30.3608112,3.894195,1,
77582,3.5452915,-30.3609201,4.740394,1,
77708,3.5488089,-30.3610072,1.821364,1,
77728,3.5528704,-30.3611712,2.309653,3,2.309653
77814,3.5431014,-30.3605339,2.010323,2,2.010323
77865,3.5566872,-30.3614052,2.740607,2,2.740607
77894,3.6099846,-30.3619519,3.895815,1,
77985,3.5997191,-30.3605337,2.30828,1,
77986,3.5725592,-30.3613306,6.389227,1,
78083,3.546704,-30.3614618,3.930582,1,
78092,3.5716483,-30.3614857,4.415482,1,
78242,3.558478,-30.3619142,4.270509,1,
78263,3.6022832,-30.3618887,5.99275,1,
78302,3.5228256,-30.360829,2.653117,2,2.653117
78311,3.5362664,-30.3603707,1.888388,2,1.888388
78337,3.6076466,-30.3618476,4.79837,1,
78358,3.5937556,-30.3618226,4.797528,1,
78377,3.5270975,-30.3612193,2.502002,3,2.502002
78411,3.590222,-30.3623048,1.010245,1,
78500,3.5839291,-30.3621169,6.768683,3,6.768683
78552,3.5531497,-30.3622788,2.312101,1,
78581,3.5531121,-30.3623715,2.308627,1,
78590,3.58193,-30.3623551,2.181647,1,
78592,3.5465188,-30.3610607,2.009036,2,2.009036
78597,3.5256822,-30.363374,5.030525,1,
78602,3.5236532,-30.3643663,2.58517,3,2.58517
78606,3.5365122,-30.3652557,4.522366,1,
78609,3.5259412,-30.3625419,0.688642,2,0.688642
78610,3.5243143,-30.3643382,0.889505,1,
78618,3.5240034,-30.3642509,2.58458,3,2.58458
78621,3.5251811,-30.3627046,2.500353,1,
78680,3.5238755,-30.3644682,2.58355,1,
78717,3.5997499,-30.3623123,3.893223,1,
78719,3.588938,-30.3627696,2.495589,1,
78752,3.5943556,-30.3623695,5.660371,3,5.660371
78773,3.5589349,-30.3624283,4.269737,1,
78777,3.5789836,-30.3625982,6.251606,3,6.251606
78828,3.6067585,-30.362484,1.853093,2,1.853093
78833,3.55498,-30.3631887,5.775848,1,
78836,3.6052207,-30.3628414,2.330089,2,2.330089
78862,3.5418942,-30.3624398,3.980637,1,
78868,3.5889503,-30.363034,2.492946,3,2.492946
78943,3.5450868,-30.3627554,4.331727,2,4.331727
78990,3.5364272,-30.3626845,4.481054,1,
79026,3.5961286,-30.3632164,1.34903,1,
79106,3.5439023,-30.3631832,3.969989,1,
79125,3.543923,-30.3631097,3.974584,1,
79155,3.5931627,-30.36353,4.700831,1,
79156,3.5132086,-30.3638793,3.890377,1,
79211,3.5899001,-30.3629938,6.110933,1,
79227,3.5539555,-30.3628625,5.772656,1,
79263,3.5943726,-30.362593,5.664455,2,5.664455
79294,3.5947162,-30.3632397,5.042678,1,
79304,3.5830285,-30.3636191,1.612543,1,
79314,3.594686,-30.3632943,5.041822,1,
79323,3.6053704,-30.3631472,4.797617,1,
79362,3.605608,-30.3626756,1.00476,1,
79397,3.5917688,-30.3638049,1.337684,1,
79425,3.5240303,-30.364708,2.567499,2,2.567499
79428,3.5919255,-30.3630644,6.247902,1,
79452,3.5759559,-30.3654525,5.612459,1,
79471,3.580722,-30.3639399,2.242282,2,2.242282
79553,3.5540976,-30.3636233,5.77491,1,
79638,3.6052561,-30.3636749,4.233704,1,
79667,3.5809604,-30.3639398,2.242423,1,
79760,3.6108777,-30.3637375,4.330037,1,
79781,3.5487845,-30.3642046,6.238441,2,6.238441
79846,3.5161258,-30.3643891,4.094747,1,
79973,3.5733046,-30.3641218,4.312398,1,
79993,3.5997481,-30.3644648,1.006345,1,
80037,3.6021629,-30.3644363,3.898474,1,
80057,3.5301622,-30.3649776,2.499459,3,2.499459
80076,3.5297848,-30.3647827,2.488529,1,
80084,3.5296804,-30.3650187,2.499451,4,2.499451
80091,3.5296541,-30.3648357,2.503402,4,2.503402
80108,3.6002597,-30.3642874,5.665068,1,
80179,3.5441695,-30.3630024,3.966496,1,
80333,3.6130958,-30.3646216,5.521912,3,5.521912
80347,3.546546,-30.3650297,0.95996,3,0.95996
80439,3.5211177,-30.3650022,5.98312,1,
80494,3.6071796,-30.3648124,6.35089,2,6.35089
80618,3.5211786,-30.3650325,5.971941,1,
80621,3.5758265,-30.365316,5.619266,2,5.619266
80671,3.5997773,-30.3651458,2.677874,2,2.677874
